ADSL,Cablemodem,Fibra Ã³ptica,Wireless,Otros,Total_conexion,Accesos por cada 100 hab,Accesos por cada 100 hogares,Banda ancha fija,Dial up,Hasta 512 kbps,+ 512 Kbps - 1 Mbps,+ 1 Mbps - 6 Mbps,+ 6 Mbps - 10 Mbps,+ 10 Mbps - 20 Mbps,+ 20 Mbps - 30 Mbps,+ 30 Mbps,Otros Mbps,Total suma Mbps
1567685,1000879,120960,16528,33824,2739876,17,54.57,2725732,14144,8469,171244,2279875,121787,38923,206,4037,0,2624542
445569,820161,17767,1866,14555,1299918,43,112.25,1289204,10714,852,88826,1096050,70293,38798,55,6208,0,1301081
24126,46,17,0,430,24232,6,24.25,24209,23,19,9147,13330,1672,64,0,0,0,24232
52971,9497,30,0,580,62556,6,20.72,62520,36,438,15849,40869,4644,741,5,0,0,62546
51066,539,866,10776,6974,70221,13,41.24,68205,2016,7452,10,61329,0,0,0,0,0,68791
52565,8279,31,1306,550,62236,6,22.32,62203,33,20,16357,40742,4486,630,0,0,0,62235
336841,225769,347,3585,3680,566910,16,52.52,566705,205,2076,107705,423114,24112,9818,40,588,0,567453
107883,21379,49,4887,1330,134331,10,34.37,134216,115,2177,35206,85248,10828,746,0,43,0,134248
20774,4548,0,0,1000,25422,4,17.42,25335,87,2062,8475,13685,1133,67,0,0,0,25422
29765,4030,23,0,90,33827,5,18.42,33825,2,1832,11498,18415,2002,56,0,0,0,33803
15826,31305,513,5848,7010,54193,16,48.43,53601,592,7434,6535,32501,17,5,4,10,0,46506
15663,0,14,0,340,15711,4,16.29,15688,23,10,5111,9390,1165,35,0,0,0,15711
148970,12076,2480,370,2282,165845,9,31.91,164084,1761,35,6,166655,19,10,6,9,0,166740
56597,17191,4,1500,80,73950,6,23.14,73950,0,545,14460,52852,5139,958,0,0,0,73954
47790,28161,997,10381,3051,90380,15,49.79,88077,2303,4133,987,77148,84,1582,2,22,0,83958
64886,24156,876,3576,1572,95066,14,44.91,93909,1157,4670,4618,84304,73,1062,1,8,0,94736
73131,17538,45,80,5680,91290,7,28.7,91265,25,53,19677,64061,7192,314,0,0,0,91297
48161,434,722,8080,1173,51298,7,27.6,50543,755,531,2,51056,0,0,0,0,0,51589
11306,428,354,210,4480,12557,3,9.35,12193,364,7,3,12544,0,1,0,2,0,12557
18927,100,381,4092,3264,26764,9,28.94,26304,460,161,1625,24972,1,1,0,0,0,26760
322662,174296,3059,5951,6440,506612,15,47.85,506000,612,8456,124468,345225,20328,6845,23,668,0,506013
32567,3598,19,9150,340,37133,4,16.31,37124,9,1234,10531,22817,2422,109,0,0,0,37113
21618,2837,648,10,2934,28038,19,63.97,27272,766,12,607,30902,6,0,0,0,0,31527
129717,83,121,130,980,130032,8,33.42,129944,88,6,34672,83210,11779,362,3,0,0,130032
1568881,1025490,120008,1702,33147,2764546,17,55.06,2750430,14116,6902,162274,2288772,140226,56549,284,4309,0,2659316
447637,828411,17729,1883,14555,1310215,43,113.14,1299502,10713,847,81431,1078213,87359,56004,59,6427,0,1310340
24380,243,17,0,430,24683,6,24.7,24660,23,19,8844,13794,1915,111,0,0,0,24683
53321,9870,30,0,580,63279,6,20.96,63243,36,412,14854,41530,5418,1085,5,0,0,63304
51070,649,866,1096,6974,70519,13,41.41,68503,2016,2064,6582,61868,0,0,0,0,0,70514
52883,8680,31,1309,550,62958,6,22.58,62925,33,20,15563,41219,5199,956,0,0,0,62957
337825,234729,351,3673,3740,576952,16,53.45,576747,205,2105,101598,429536,28698,14824,76,627,0,577464
108900,21706,49,4795,1330,135583,10,34.69,135468,115,2187,32781,86757,12564,1162,0,44,0,135495
20894,4628,0,0,780,25600,4,17.54,25535,65,2032,8218,13944,1321,85,0,0,0,25600
30128,4161,23,400,90,34361,5,18.71,34359,2,1873,11233,18851,2305,82,0,0,0,34344
15957,32600,513,5869,6890,55628,16,49.71,55048,580,7032,6761,34089,18,5,4,10,0,47919
15864,0,14,0,340,15912,4,16.5,15889,23,10,4785,9719,1337,61,0,0,0,15912
148979,13030,2480,360,2282,166807,9,32.1,165046,1761,35,6,166710,31,10,5,10,0,166807
56933,17594,4,1500,80,74689,6,23.37,74689,0,540,13644,53245,5924,1334,2,0,0,74689
47767,29776,997,10765,2983,92288,15,50.84,90053,2235,1531,3206,79087,92,2289,2,30,0,86237
64920,24944,876,3657,156,95957,14,45.33,94812,1145,3468,5507,84978,78,1569,2,8,0,95610
73841,17504,45,70,5770,91974,7,28.91,91949,25,53,18818,64440,8293,388,0,0,0,91992
48161,451,722,1139,1173,51646,7,27.78,50891,755,10,507,51129,0,0,0,0,0,51646
11306,925,354,220,4480,13055,3,9.72,12691,364,7,0,13045,0,0,1,2,0,13055
18956,448,381,4118,3266,27169,9,29.38,26710,459,153,1637,25374,2,0,0,0,0,27166
324101,178495,3085,6041,6360,512358,15,48.39,511753,605,8515,115197,353559,23939,10058,34,792,0,512094
32820,4231,19,9070,340,38011,4,16.7,38002,9,1231,9914,23842,2867,142,0,0,0,37996
21618,3008,648,10,2934,28209,19,64.36,27443,766,12,334,31198,2,0,0,0,0,31546
131740,97,121,130,980,132069,8,33.94,131981,88,6,32714,84675,14101,559,4,0,0,132059
1562533,1110628,124474,20049,31881,2849565,17,56.75,2835537,14028,7355,128187,2281524,156693,68947,243,4232,0,2647181
450155,833402,17886,1995,14387,1317825,43,113.8,1307195,10630,840,78016,1060145,102170,70907,95,6626,0,1318799
24380,244,15,0,470,24686,6,24.71,24665,21,19,8845,13790,1915,111,0,0,0,24680
53321,10336,29,10,590,63746,6,21.11,63710,36,398,14731,41934,5428,1274,5,0,0,63770
49219,668,882,11853,6515,69137,12,40.6,67130,2007,2013,6281,60771,34,0,0,0,0,69099
52957,9184,31,1312,650,63549,6,22.79,63516,33,21,15448,41717,5181,1172,0,0,0,63539
340212,240334,444,4064,3770,585431,17,54.23,585231,200,660,98992,435692,28992,18888,84,664,0,583972
108907,22440,48,5203,1350,136733,10,34.98,136618,115,1709,29710,91450,12569,1310,0,48,0,136796
21021,4836,0,0,800,25937,5,17.77,25873,64,2001,8323,14202,1324,85,0,0,0,25935
30128,3541,22,370,130,33741,5,18.37,33739,2,127,10979,20216,2305,82,0,0,0,33709
16051,33940,538,11219,6770,62425,18,55.78,61861,564,6458,6645,41009,24,5,4,10,0,54155
15864,0,14,10,370,15916,4,16.51,15893,23,10,4785,9720,1337,61,0,0,0,15913
150120,13030,2512,400,2222,167924,9,32.31,166184,1740,35,0,167763,31,12,13,1,0,167855
56933,18373,4,30,140,75327,6,23.57,75327,0,640,13637,53510,5928,1606,0,1,0,75322
54458,30964,1000,12858,3087,102367,17,56.4,100099,2268,1522,3099,80090,107,2865,10,27,0,87720
65264,26590,888,3533,1505,97780,14,46.2,96629,1151,3640,5189,86868,87,1944,8,9,0,97745
73828,18394,43,1090,5800,92954,7,29.22,92929,25,732,17481,66026,8314,388,0,0,0,92941
48272,451,731,1199,1126,51779,7,27.85,51031,748,8,487,51276,0,0,0,0,0,51771
11303,925,355,250,4380,13046,3,9.71,12683,363,8,0,13029,0,0,3,0,0,13040
17862,492,385,4273,3098,26110,8,28.23,25664,446,195,1624,24248,1,1,0,0,0,26069
325577,183630,4407,654,7330,520887,15,49.2,520196,691,8230,112593,357615,23962,12124,38,806,0,515368
32820,3900,19,7680,410,37548,4,16.49,37539,9,791,9914,23826,2867,142,0,0,0,37540
21840,3469,650,10,2832,28792,19,65.69,28037,755,12,336,32348,2,0,0,0,0,32698
131739,97,117,130,1000,132066,8,33.94,131978,88,6,32716,84668,14101,559,4,0,0,132054
1575978,1070135,120528,17728,32038,2816407,17,56.09,2801178,15229,8226,132937,2250445,203620,104322,997,5406,0,2705954
455785,840224,17155,1962,15394,1330520,44,114.9,1318526,11994,2698,62896,1038269,123451,95772,890,7997,0,1331972
25192,241,16,0,440,25493,6,25.51,25472,21,21,8047,14093,2910,421,0,1,0,25493
55024,10918,31,0,620,66035,6,21.87,65998,37,483,12837,42106,7908,2600,124,2,0,66060
48539,697,891,12256,6159,68542,12,40.25,66557,1985,1858,6218,60392,70,0,0,0,0,68538
54754,9526,40,1315,750,65710,6,23.56,65656,54,40,13860,42182,7513,2106,0,9,0,65710
345157,240452,419,3918,4860,590432,17,54.7,590113,319,1903,85362,427844,41947,30858,1177,782,0,589873
112291,23027,57,5178,2600,140813,11,36.03,140567,246,2311,27801,88649,18318,3584,1,66,0,140730
21245,4896,1,0,650,26207,5,17.96,26156,51,1947,7830,14058,1852,473,47,1,0,26208
31349,4583,22,370,110,36002,5,19.6,35999,3,1880,10427,19740,3443,465,0,0,0,35955
16043,34281,514,5894,6480,57380,17,51.27,56813,567,6266,6879,36520,26,5,4,10,0,49710
16352,0,17,0,330,16402,4,17.01,16379,23,9,4333,9728,1943,386,0,3,0,16402
151797,13030,2534,310,2222,169614,9,32.64,167766,1848,303,19,169222,36,14,5,12,0,169611
58435,18613,16,1500,150,77229,7,24.16,77222,7,547,11840,53093,8731,2952,54,12,0,77229
47721,31778,1014,11853,303,95396,16,52.55,92999,2397,1731,2744,80938,126,3621,2,66,0,89228
66307,23703,901,3819,153,96260,14,45.48,95050,1210,3640,4723,85094,94,2319,4,30,0,95904
76026,17289,48,60,5780,93947,7,29.53,93921,26,54,16214,63221,12552,1922,0,4,0,93967
48653,451,740,1202,1073,52119,7,28.04,51390,729,11,478,51628,0,0,0,2,0,52119
11419,926,355,240,4230,13147,3,9.79,12788,359,9,0,13135,0,0,1,2,0,13147
17553,448,388,4395,2929,25713,8,27.8,25277,436,156,1400,24145,1,1,0,0,0,25703
335267,183009,3205,6282,1634,529397,16,50.0,528459,938,8707,99962,359293,36718,21098,869,824,0,527471
34110,4231,19,9200,370,39317,4,17.27,39308,9,1246,8913,24181,4359,602,0,0,0,39301
21948,3664,655,10,2722,28990,19,66.14,28249,741,12,283,31489,2,0,0,0,0,31786
137093,97,116,130,1050,137424,9,35.32,137329,95,17,28746,85091,20631,2733,196,0,0,137414
1583135,1096836,134177,18754,2894,2861842,17,56.37,2847076,14766,8882,123589,2267852,220070,126958,1561,5700,0,2754612
454934,841743,19334,1994,14716,1332721,44,114.9,1321139,11582,2545,59084,1013510,134151,114569,1195,8401,0,1333455
25033,241,16,10,410,25332,6,25.11,25312,20,13,7634,13754,3202,517,9,1,0,25130
54952,26161,164,270,560,81360,7,26.65,81329,31,26,12053,47425,15883,5346,489,135,0,81357
45645,717,906,1254,5465,65273,12,37.61,63327,1946,651,6176,57333,102,0,0,0,0,64262
54649,25372,129,1319,620,81531,8,28.95,81488,43,36,13295,47842,15554,4424,235,98,0,81484
343883,247564,415,4645,4500,596957,17,54.7,596663,294,157,78427,432802,46574,37443,1615,815,0,597833
112363,47411,108,5943,2450,166070,13,42.07,165839,231,2867,23951,104168,28113,6926,274,119,0,166418
21022,4951,1,6700,560,26700,5,18.12,26657,43,1891,7336,14413,2024,878,157,1,0,26700
31505,5048,22,0,360,36611,5,19.69,36608,3,2458,9754,19858,3939,603,0,0,0,36612
13143,39571,3215,6164,6040,62697,18,55.51,62155,542,6059,8054,45038,26,10,13,10,0,59210
16282,0,16,20,330,16333,4,16.7,16310,23,11,4201,9379,2207,533,0,3,0,16334
152433,13030,2542,290,2126,170160,9,32.37,168355,1805,287,24,169763,38,16,6,11,0,170145
58262,26836,30,50,130,85146,7,26.31,85139,7,958,11136,51906,12387,8543,194,26,0,85150
47518,32152,1024,12088,296,95742,16,51.95,93373,2369,1895,2577,80787,170,4067,2,76,0,89574
66274,25217,907,3473,1462,97333,14,45.33,96145,1188,3371,4913,86173,94,2632,2,42,0,97227
76280,19781,47,1290,5740,96811,7,30.01,96793,18,1123,14151,64992,13955,2569,15,5,0,96810
48441,451,755,1165,1007,51819,7,27.55,51117,702,8,445,51346,0,0,0,2,0,51801
11414,1025,351,300,4120,13232,3,9.72,12878,354,10,8,12720,0,1,0,2,0,12741
16215,2700,392,4772,2562,26641,8,27.99,26217,424,205,27,26048,2,0,0,0,0,26282
328809,199037,2845,4239,1507,536437,16,50.24,535640,797,6883,93096,360964,45270,27597,1542,900,0,536252
33813,4365,19,102,350,39252,4,17.06,39244,8,701,9236,23136,4796,748,0,0,0,38617
22291,7924,657,10,2583,33456,22,74.23,32726,730,14,609,36319,2,0,0,0,0,36944
137857,115,116,880,1000,138276,9,35.08,138184,92,107,27143,83895,23061,3722,334,0,0,138262
1581770,1141052,115660,19268,2604,2883790,17,56.8,2871079,12711,8714,137189,2299705,243503,159922,2010,6712,0,2857754
453178,858342,19786,2172,12806,1346284,44,116.07,1336391,9893,2493,51799,990112,148569,142976,1482,9258,0,1346690
25387,242,15,10,340,25679,6,25.45,25666,13,15,7253,14003,3776,593,37,1,0,25678
55767,27809,179,520,410,83848,7,27.46,83832,16,288,11058,47551,17675,6337,788,149,0,83846
43949,762,916,13055,4803,63485,11,36.58,61745,1740,656,6032,55791,168,0,0,0,0,62647
55238,26553,157,1321,470,83316,8,29.58,83288,28,34,12542,48015,17184,5039,379,126,0,83319
348130,255596,435,5199,3860,609746,17,55.87,609510,236,156,72695,434717,54993,46415,1956,903,0,611835
113378,49767,119,6031,1970,169492,13,42.93,169309,183,2864,21986,104043,32293,7867,354,136,0,169543
21097,5164,2,7370,500,27050,5,18.36,27013,37,1881,6907,14247,2436,1324,257,1,0,27053
32183,5482,22,0,350,37722,5,20.29,37720,2,2479,9474,20248,4792,730,0,0,0,37723
12756,40825,3719,619,5620,64052,19,56.71,63552,500,5737,8182,46235,27,24,25,10,0,60240
16463,0,16,20,280,16509,4,16.88,16491,18,10,4082,9093,2680,641,0,3,0,16509
153301,13030,2572,380,1882,170823,9,32.49,169259,1564,268,26,170451,42,16,5,13,0,170821
59179,29283,37,50,150,88519,7,27.35,88512,7,958,10360,51671,15022,10072,408,33,0,88524
47078,34183,1044,12781,2799,97885,16,53.12,95644,2241,1755,2348,82727,214,5168,2,110,0,92324
66738,26268,916,3457,1348,98727,14,45.98,97640,1087,3413,4525,87362,97,3240,1,51,0,98689
77214,20297,47,1290,5800,98267,7,30.46,98264,3,1123,13020,64737,16241,3114,29,5,0,98269
48670,451,770,1189,9080,51988,7,27.64,51367,621,8,410,51568,0,0,0,2,0,51988
11432,1025,354,330,3770,13221,3,9.71,12904,317,9,4,13204,0,0,1,2,0,13220
15343,2707,396,4917,24,25763,8,27.07,25384,379,210,25,25519,2,0,0,0,0,25756
333117,204685,2877,432,1389,546388,16,51.18,545739,649,6827,86016,364441,53205,33894,1856,1014,0,547253
33873,4365,19,1091,300,39378,4,17.11,39375,3,703,8779,23456,5553,888,0,0,0,39379
22636,7927,665,10,235,33579,22,74.51,32960,619,15,285,36073,2,0,0,0,0,36375
139944,479,116,880,500,140677,9,35.69,140635,42,107,25178,83462,26966,4502,455,0,0,140670
1585467,1183894,113590,19989,25825,2928765,18,57.69,2916070,12695,8361,107351,2266948,262564,200491,2642,7720,0,2856078
454815,871262,30974,2229,12788,1372068,45,118.29,1362193,9875,2448,49340,942525,159618,175594,2028,10022,0,1341574
25801,242,15,10,340,26093,7,25.86,26080,13,15,6871,14206,4143,812,43,1,0,26091
56282,28809,186,520,410,85370,7,27.96,85354,16,240,10353,47131,19016,7498,979,157,0,85374
43964,792,916,13408,4803,63883,11,36.81,62143,1740,641,5886,71668,167,0,0,0,0,78362
55792,27604,176,134,470,84959,8,30.17,84931,28,33,11921,48127,18168,6111,453,146,0,84959
351692,264055,1450,5412,3890,622998,17,57.08,622761,237,150,68765,429787,61109,59372,2582,1048,0,622813
113909,51945,122,6261,1970,172434,13,43.68,172252,182,2863,20385,103990,34788,9924,384,153,0,172487
21573,5264,2,8990,140,27752,5,18.84,27751,1,1862,6521,14354,2791,1842,379,2,0,27751
32598,6895,22,0,350,39550,5,21.27,39548,2,2549,9278,21588,5169,966,0,0,0,39550
12755,41886,4078,6195,5570,65471,19,57.96,64976,495,613,13087,47660,9,55,39,10,0,61473
16725,0,16,20,280,16771,5,17.15,16753,18,10,3840,9102,2984,832,0,3,0,16771
153299,13030,2572,420,188,170823,9,32.49,169261,1562,256,25,173430,45,18,5,13,0,173792
59921,31635,46,50,150,91622,8,28.31,91615,7,958,9809,51234,17367,11654,559,43,0,91624
47102,36620,1045,13051,2798,100616,16,54.6,98376,2240,1733,2124,85044,210,6599,2,155,0,95867
66806,27130,917,3415,1346,99614,14,46.39,98529,1085,3372,4457,88691,99,3826,1,62,0,100508
78064,21688,47,1290,6450,100573,8,31.18,100570,3,1126,12223,65405,17451,4318,61,5,0,100589
48670,451,770,1231,9080,52030,7,27.67,51409,621,9,391,54963,0,0,0,2,0,55365
11432,1025,354,310,3770,13219,3,9.71,12902,317,9,4,13286,0,0,1,2,0,13302
15540,2718,396,5226,2391,26271,8,27.61,25912,359,190,25,32266,2,0,0,0,0,32483
337042,209673,4169,4426,1428,556738,16,52.15,556097,641,6767,80817,363177,59531,42021,2320,1133,0,555766
33886,4365,19,1097,300,39397,4,17.12,39394,3,703,8332,23158,5956,1249,0,0,0,39398
22636,8085,665,10,235,33737,22,74.86,33118,619,15,285,36408,2,0,0,0,0,36710
142925,1135,116,880,500,144314,9,36.61,144272,42,107,23687,83654,29998,6232,623,0,0,144301
1586343,1223603,103269,20397,25773,2959385,18,58.29,2946743,12642,7985,100303,2253197,274560,240188,3835,8180,0,2888246
455427,879950,19818,2273,12758,1370226,45,118.13,1360381,9845,2417,46568,916813,172029,198635,3087,10899,0,1350450
26180,242,15,10,340,26472,7,26.24,26459,13,15,6513,14484,4106,1313,39,1,0,26471
56818,29456,186,520,410,86553,8,28.35,86537,16,194,9593,46771,18608,10092,1136,159,0,86553
43968,811,916,13521,4803,64019,11,36.89,62279,1740,625,5774,71881,168,0,0,0,0,78448
55681,28178,177,1354,450,85435,8,30.34,85409,26,29,11248,48104,17877,7569,456,150,0,85433
353530,266062,480,5613,3850,626070,17,57.36,625835,235,148,63746,427471,62989,67151,3336,1088,0,625929
113983,53411,122,6427,1940,174137,13,44.11,173957,180,2865,18883,104224,33989,13668,399,163,0,174191
21734,5314,4,1023,140,28089,5,19.07,28088,1,1791,6081,14279,2704,2713,519,4,0,28091
32934,6933,22,0,350,39924,5,21.47,39922,2,2551,8876,21867,5044,1587,0,0,0,39925
12755,42705,4327,6205,3740,66366,19,58.76,66054,312,592,12951,48798,16,63,49,10,0,62479
16886,0,16,20,280,16932,5,17.32,16914,18,10,3638,9127,2937,1215,2,3,0,16932
153293,13030,2572,380,1874,170807,9,32.49,169251,1556,241,23,174719,38,41,5,13,0,175080
60252,32533,48,50,150,92853,8,28.69,92846,7,959,9169,51029,17281,13690,675,52,0,92855
51680,38902,1048,12934,2852,107416,17,58.29,105122,2294,1727,2061,89678,455,7934,9,175,0,102039
66851,27221,915,3407,1328,99722,14,46.44,98655,1067,3282,4473,89062,201,4024,5,75,0,101122
78744,22446,47,1290,5540,101920,8,31.59,101917,3,1122,11387,65677,17139,6507,99,5,0,101936
48670,451,770,123,9080,52029,7,27.66,51408,621,9,386,55761,0,0,0,2,0,56158
11432,1025,354,300,3770,13218,3,9.71,12901,317,8,4,13473,0,0,1,2,0,13488
15614,2723,396,5261,2409,26403,8,27.74,26047,356,188,26,32338,3,0,0,0,0,32555
339843,212911,2885,4596,1437,561672,16,52.61,561045,627,6659,75770,361264,60985,51258,3079,1189,0,560204
33582,4365,19,1139,300,39135,4,17.0,39132,3,703,7836,23074,5669,1856,0,0,0,39138
22636,4301,665,10,235,29953,19,66.46,29334,619,16,285,32662,0,0,0,0,0,32963
144188,1653,116,880,500,146095,9,37.06,146053,42,107,21800,83887,29942,9507,837,0,0,146080
1583560,1200859,111231,21108,25757,2942515,18,57.34,2929903,12612,7351,97880,2214760,289929,247372,8315,9529,0,2875136
454425,832126,36332,2284,12729,1337896,44,115.16,1328079,9817,2310,43686,869048,178665,192644,6577,10838,0,1303768
26096,243,15,10,340,26389,7,25.91,26376,13,15,6102,14653,4241,1334,42,1,0,26388
56353,29994,211,520,410,86651,8,28.08,86635,16,194,8755,46304,19388,10587,1238,184,0,86650
43967,834,916,1328,4803,63800,11,36.09,62060,1740,94,5095,72396,1066,0,0,0,0,78651
55454,28491,192,1354,450,85536,8,30.08,85510,26,29,10690,47833,18375,7911,526,170,0,85534
350884,252346,674,5636,3860,609926,17,55.28,609692,234,148,59484,414452,65763,66455,4143,1039,0,611484
113101,54948,146,6425,1930,174813,13,43.85,174634,179,2864,17749,104137,35104,14057,457,165,0,174533
21852,5420,5,1023,140,28314,5,19.04,28313,1,1738,5731,14163,3229,2906,544,5,0,28316
33481,6751,22,0,350,40289,5,21.41,40287,2,2543,8558,22383,5188,1623,0,0,0,40295
12754,41881,4536,6209,5490,65929,19,57.84,65442,487,426,11065,52117,15,78,71,11,0,63783
16645,0,16,20,280,16691,4,16.83,16673,18,10,3382,9060,2980,1254,2,3,0,16691
153299,13030,2576,340,1871,170810,9,32.12,169257,1553,235,21,175376,47,43,5,17,0,175744
59538,33330,70,50,150,92958,8,28.37,92951,7,959,8502,50061,19195,13363,779,68,0,92927
51702,36122,1085,12502,285,104261,17,55.75,101969,2292,1720,1737,86310,479,7893,143,171,0,98453
66894,27312,937,3341,1338,99822,14,45.84,98745,1077,1171,6105,90038,203,4246,77,81,0,101921
78973,22741,73,1320,5070,102426,8,31.32,102423,3,1119,10765,65646,17748,6643,119,31,0,102071
48670,451,770,1195,9080,51994,7,27.33,51373,621,9,309,56447,0,0,0,2,0,56767
11432,1042,354,270,3770,13232,3,9.59,12915,317,8,4,13645,0,0,1,2,0,13660
15654,2723,396,5088,2426,26287,8,26.87,25931,356,168,29,32188,8,0,0,0,0,32393
338052,204816,3014,4686,1428,551996,16,51.28,551378,618,6492,71565,353525,64117,51293,3754,1063,0,551809
32838,3900,19,9110,300,37698,4,16.21,37695,3,703,7219,22805,5769,1898,0,0,0,38394
22636,4834,665,10,235,30486,20,65.83,29867,619,16,285,33003,0,0,0,0,0,33304
144233,2165,116,740,490,146637,9,36.72,146596,41,106,20092,84008,31490,10046,871,0,0,146613
1579448,1305949,113070,21163,25661,3045291,18,59.34,3032776,12515,10786,133385,2250898,335296,334723,31494,11933,0,3108515
450644,892209,36669,239,12672,1394584,46,120.04,1384824,9760,4352,1736,859039,146091,213010,19597,13477,0,1257302
26262,245,14,10,340,26556,7,26.07,26543,13,15,5736,14742,4567,1496,47,1,0,26604
56112,31825,221,520,410,88251,8,28.59,88235,16,197,8063,45823,20346,12090,1571,201,0,88291
43977,867,916,13293,4803,63856,11,36.12,62116,1740,572,5421,73078,775,0,0,0,0,79846
55511,29845,203,1354,430,86956,8,30.58,86932,24,41,10018,47916,19200,8851,803,191,0,87020
348891,277615,1709,561,1089,634914,18,57.55,634680,234,258,57050,437547,71980,82618,8355,1242,0,659050
112809,58768,169,6434,1930,178373,13,44.74,178194,179,4734,16368,115000,36917,15522,849,205,0,189595
22101,5658,6,1023,140,28802,5,19.37,28801,1,1675,5401,14370,3569,3218,593,10,0,28836
33758,7374,22,0,350,41189,6,21.89,41187,2,2561,8292,25301,5589,1750,3,0,0,43496
12754,44654,4708,6225,5470,68888,20,60.44,68403,485,429,10616,63928,15,119,96,11,0,75214
16691,0,15,20,280,16736,4,16.88,16718,18,10,3151,9043,3190,1344,3,5,0,16746
153321,13030,2576,290,1868,170824,9,32.13,169274,1550,437,30,176922,61,44,5,20,0,177519
59573,36145,77,50,150,95815,8,29.24,95808,7,1973,7899,49586,21385,14820,1073,96,0,96832
51742,42370,1088,12466,2849,110515,18,59.1,108224,2291,1916,1691,88854,583,10241,1285,208,0,104778
67031,28100,939,33,1334,100704,14,46.24,99631,1073,1189,6107,92158,194,4877,520,86,0,105131
79438,24719,85,1510,5390,104932,8,32.08,104929,3,2160,10123,70875,18759,7129,140,49,0,109235
48670,451,770,1214,9080,52013,7,27.34,51392,621,10,273,57589,0,0,0,4,0,57876
11432,1063,354,300,3770,13256,3,9.6,12939,317,12,4,13931,0,0,1,2,0,13950
15453,2722,396,4996,2586,26153,8,26.73,25797,356,244,26,31995,142,20,0,0,0,32427
336244,219088,2981,4744,1417,564474,16,52.44,563867,607,9486,67325,374960,68505,60469,6509,1277,0,588531
32101,3900,19,9110,300,36961,4,15.89,36958,3,704,6705,22208,5943,2108,1,0,0,37669
22636,5707,665,10,235,31359,20,67.72,30740,619,16,286,38773,0,0,0,0,0,39075
145486,2968,116,580,490,148677,9,37.24,148636,41,231,18515,83945,33891,11310,1032,2,0,148926
1574216,1355770,113463,18867,24276,3086592,18,60.14,3075387,11205,5856,107945,2148475,393530,399116,52900,13318,0,3121140
447726,905105,36796,2514,10963,1403104,46,120.77,1395053,8051,331,995,759028,208249,240856,38341,13886,0,1261686
26689,248,14,10,180,26970,7,26.48,26957,13,15,4038,16183,4845,1853,50,0,0,26984
56251,32730,232,20,150,89230,8,28.91,89216,14,190,5227,46821,21193,13746,2022,217,0,89416
43987,935,916,13364,475,63952,11,36.18,62222,1730,466,5190,74375,674,0,0,0,0,80705
55934,30813,217,1354,220,88340,8,31.07,88328,12,15,7425,49471,19956,10006,1263,210,0,88346
348481,285480,2540,5695,3950,642591,18,58.24,642458,133,48,41329,415075,75988,99225,11691,1322,0,644678
112588,61850,206,6441,640,181149,14,45.44,181092,57,1768,10657,110844,38665,17737,1307,248,0,181226
21800,5905,9,0,20,27716,5,18.64,27716,0,1723,4277,15581,3964,3658,648,10,0,29861
34250,8236,22,0,300,42538,6,22.61,42537,1,286,6878,27425,5943,1978,31,0,0,42541
12751,45952,4910,6236,5150,70364,20,61.73,69903,461,374,10187,55792,15,224,114,11,0,66717
16891,0,15,20,220,16930,5,17.07,16912,18,9,2349,9686,3316,1562,11,2,0,16935
153233,13030,2576,280,1757,170624,9,32.09,169174,1450,37,10,178186,73,48,5,17,0,178376
59776,38130,79,50,70,97997,8,29.91,97997,0,1010,6030,48871,23394,17043,1559,91,0,97998
51752,44739,1093,12402,2617,112603,18,60.21,110491,2112,1531,1527,87404,680,12541,2118,225,0,106026
67043,28496,942,3293,1252,101026,14,46.39,100024,1002,1007,6026,90689,207,5953,790,99,0,104771
80866,26113,90,1570,5650,107791,8,32.96,107790,1,1107,6922,71214,20229,8099,197,50,0,107818
48670,451,770,1174,9030,51968,7,27.32,51348,620,8,245,58577,0,0,0,2,0,58832
11432,1113,354,230,3710,13293,3,9.63,12978,315,7,4,14077,0,0,1,2,0,14091
15570,2722,817,4978,217,26257,8,26.84,25886,371,189,22,31904,221,52,9,0,0,32397
334911,223011,3037,4862,119,567011,17,52.67,566625,386,3958,49501,360606,72657,69864,10210,1308,0,568104
31730,3900,19,30,80,35660,4,15.33,35658,2,26,5097,22747,6216,2497,9,0,0,36592
22636,6276,665,10,2347,31925,20,68.94,31306,619,16,285,35080,0,0,0,0,0,35381
147259,3850,116,530,410,151319,9,37.9,151282,37,127,12247,87970,36518,13150,1288,4,0,151304
1563542,1414676,118747,21394,24342,3142701,19,61.24,3131499,11202,6055,86281,2085605,403575,467398,72348,17279,0,3138541
434835,914952,38161,2583,10928,1401459,46,120.63,1393443,8016,517,1477,704324,225723,264582,53506,16756,0,1266885
26735,250,14,10,340,27034,7,26.54,27021,13,15,3478,16519,4889,2077,54,0,0,27032
54974,33534,248,520,390,88847,8,28.79,88833,14,191,3983,45634,21323,14887,2586,250,0,88854
43994,955,916,13107,4793,63765,11,36.07,62035,1730,401,4493,73951,1352,0,0,0,0,80197
54981,31497,233,1354,310,88096,8,30.98,88084,12,15,6109,48995,20187,10908,1645,234,0,88093
337368,289344,3368,5686,7890,636555,18,57.7,636422,133,50,29380,404645,77966,108368,15458,1606,0,637473
109359,64141,226,6448,710,180245,13,45.21,180188,57,1680,8253,110296,38491,19509,1801,280,0,180310
22400,6061,16,1023,130,29513,5,19.85,29513,0,1573,3519,15791,4114,3855,649,17,0,29518
33838,8731,22,0,340,42625,6,22.65,42624,1,303,6225,27778,6143,2134,43,0,0,42626
12754,47245,5054,6253,5220,71828,21,63.02,71368,460,368,9789,56694,16,335,132,11,0,67345
16270,0,16,20,280,16316,4,16.46,16298,18,9,1646,9635,3334,1675,13,3,0,16315
153320,13030,2579,270,1769,170725,9,32.11,169274,1451,114,16,177194,79,49,5,20,0,177477
57983,39294,100,50,80,97390,8,29.72,97390,0,1010,4783,47454,23433,18371,2215,126,0,97392
51742,46389,1124,1191,267,113835,18,60.87,111723,2112,1539,1406,84859,792,14153,3073,271,0,106093
67057,28474,954,3274,1261,101020,14,46.39,100020,1000,998,2953,92967,248,6317,1174,122,0,104779
79389,26657,110,1580,6210,106935,8,32.69,106934,1,577,5027,71636,20787,8611,239,70,0,106947
48670,451,772,1121,9070,51921,7,27.29,51301,620,8,220,58608,0,0,0,4,0,58840
11432,1120,354,260,3750,13307,3,9.64,12992,315,8,4,14014,0,0,1,2,0,14029
15607,2722,1055,4823,2257,26464,8,27.05,26094,370,189,23,31369,342,80,10,0,0,32013
326721,225792,3201,4946,1172,561832,16,52.19,561470,362,4966,40102,349722,74401,77667,13155,1529,0,561542
30192,3900,19,9110,290,35051,4,15.07,35049,2,26,3925,22246,6178,2664,15,0,0,35054
22636,6905,665,10,235,32557,21,70.31,31938,619,16,285,35409,0,0,0,0,0,35710
146995,4482,116,140,450,151652,9,37.98,151615,37,96,10021,87994,37721,14389,1400,10,0,151631
1559178,1465817,118839,212,24342,3189376,19,58.57,3178174,11202,6017,83918,2057698,402315,523540,90937,22299,0,3186724
428801,918328,38259,273,10928,1399046,46,108.37,1391030,8016,510,1409,678922,218487,277195,66536,19881,0,1262940
26020,248,14,10,340,26317,7,25.66,26304,13,15,3328,15861,4901,2161,49,0,0,26315
54430,34277,252,520,390,89050,8,28.62,89036,14,191,3835,44544,21467,15671,3025,314,0,89047
43994,999,916,13194,4793,63896,11,35.66,62166,1730,401,4182,73759,1808,0,0,0,0,80150
54993,31994,236,1354,310,88608,8,30.94,88596,12,15,6040,48149,20586,11468,2044,303,0,88605
335673,293479,4871,5782,1394,641199,18,57.65,641066,133,50,28732,391556,82011,118643,19035,2071,0,642098
108509,65095,230,6448,710,180353,13,44.91,180296,57,1680,8080,108379,39146,20562,2254,317,0,180418
22438,6215,16,1023,130,29705,5,19.84,29705,0,1535,3538,15473,4446,4058,635,22,0,29707
33869,9278,22,0,340,43203,6,22.76,43202,1,330,6213,27824,6486,2306,44,0,0,43203
12754,47195,5194,6253,5170,71913,21,62.67,71458,455,362,9279,57739,331,192,165,11,0,68079
16180,0,15,20,280,16225,4,16.2,16207,18,9,1578,9486,3409,1718,22,2,0,16224
153326,13030,2581,270,1769,170733,9,31.84,169282,1451,106,15,177201,86,50,5,22,0,177485
57363,40142,101,50,80,97619,8,29.52,97619,0,1010,4665,45950,23847,19356,2627,166,0,97621
51771,48109,1124,11665,267,115339,18,61.02,113227,2112,1547,1418,83813,902,15130,4223,458,0,107491
67075,28785,954,3213,1261,101288,14,46.03,100288,1000,986,5647,89622,246,6738,1594,200,0,105033
79837,26845,114,1580,6790,107633,8,32.58,107632,1,579,4861,70922,21554,9386,267,74,0,107643
48670,451,772,1073,9070,51873,7,27.04,51253,620,8,192,58588,0,0,0,4,0,58792
11432,1120,354,260,3750,13307,3,9.55,12992,315,8,4,14014,0,0,1,2,0,14029
15502,2722,1272,4733,2257,26486,8,26.52,26116,370,190,23,31078,474,68,30,0,0,31863
327458,226094,3210,4948,1172,562882,16,51.97,562520,362,4966,39463,340418,77152,83008,15775,1831,0,562613
29616,3900,19,9110,290,34475,4,14.7,34473,2,26,3772,21659,6218,2786,17,0,0,34478
22636,6905,665,10,235,32557,20,68.92,31938,619,16,285,35409,0,0,0,0,0,35710
147373,5223,116,140,450,152771,9,37.9,152734,37,96,9682,86470,39155,15951,1383,13,0,152750
1378549,1535037,119132,21555,24358,3078631,18,56.27,3067430,11201,7548,47472,1910156,299009,573298,93059,46178,0,2976720
615262,932466,38628,2819,11016,1600191,52,124.06,1592175,8016,556,35663,726223,304970,378571,80234,37977,0,1564194
26401,255,14,10,340,26705,7,25.98,26692,13,15,3318,15655,5325,2342,47,1,0,26703
54449,35613,458,520,390,90611,8,29.05,90597,14,191,3733,42590,22349,18044,3157,545,0,90609
43994,1067,916,13194,4804,63975,11,35.55,62245,1730,403,4186,73760,1880,0,0,0,0,80229
55262,33192,258,1354,310,90097,8,31.39,90085,12,15,5912,46483,21776,13043,2218,647,0,90094
341748,303488,4451,6446,1505,657638,18,58.97,657505,133,251,26862,370865,88479,146683,20351,5069,0,658560
108309,67650,254,6448,710,182732,14,45.39,182675,57,1680,7944,104422,41800,23524,2604,823,0,182797
22493,6410,17,1023,130,29956,5,19.97,29956,0,1486,3419,14787,4795,4583,749,139,0,29958
33742,8858,22,0,350,42657,6,22.4,42656,1,311,5877,26915,6974,2538,42,1,0,42658
12754,48310,5194,6253,5110,73022,21,63.49,72573,449,356,8633,59045,558,336,244,21,0,69193
16244,0,15,20,280,16289,4,16.2,16271,18,9,1554,9304,3599,1796,24,2,0,16288
153331,13030,2581,270,1784,170753,9,31.76,169302,1451,109,24,177203,92,50,5,22,0,177505
56752,42925,103,50,90,99794,8,30.09,99794,0,1011,4447,47244,22033,21599,2892,570,0,99796
51794,50283,1133,11545,2678,117433,18,61.91,115321,2112,1542,1395,81272,849,18051,4774,1703,0,109586
67038,29147,961,3213,126,101619,14,46.02,100621,998,973,5606,88085,245,7990,1921,559,0,105379
80184,27280,115,1580,8040,108541,8,32.74,108540,1,594,4719,67576,23185,11333,1068,76,0,108551
48670,451,772,1073,9150,51881,7,26.96,51261,620,15,193,58588,0,0,0,4,0,58800
11432,1120,354,260,3750,13307,3,9.51,12992,315,8,4,14014,0,0,1,2,0,14029
15311,2722,1365,4735,2255,26388,8,26.25,26019,369,188,24,30913,541,66,33,0,0,31765
329813,228102,3234,4958,1173,567280,16,52.27,566918,362,4967,38721,311830,92854,97563,16794,4275,0,567004
28337,3900,19,9110,290,33196,4,14.12,33194,2,26,3539,20384,6432,2802,16,0,0,33199
22636,6905,665,10,235,32557,20,68.46,31938,619,16,285,35409,0,0,0,0,0,35710
149013,5223,116,140,450,154411,9,38.19,154374,37,96,9236,83342,42536,17788,1371,21,0,154390
1288025,1571180,124920,35058,38777,3057960,18,55.63,3046758,11202,6577,51411,1733479,311652,676137,140812,108400,0,3028468
583249,941092,33481,2814,9723,1570359,51,121.86,1563289,7070,283,33924,590689,311411,426300,120675,91917,0,1575199
26873,4411,12,10,2181,33478,8,32.49,33467,11,52,3204,15383,5758,2563,50,1,0,27011
54888,37307,456,360,1072,93759,8,29.98,93747,12,95,3496,40059,23008,20307,3827,2004,0,92796
56359,5645,1217,13503,682,83544,14,46.22,81067,2477,436,3989,71843,2336,3,0,0,0,78607
56247,33993,947,1334,270,92548,8,32.17,92536,12,24,5629,44305,22785,15576,2635,1607,0,92561
344580,319360,10579,7137,14988,696644,19,62.31,696536,108,327,26154,309161,100113,189302,38131,16741,0,679929
107774,69596,1786,6245,630,185464,14,45.96,185414,50,1691,7545,98032,42947,29011,3878,2397,0,185501
22647,6816,428,2202,120,32105,5,21.35,32105,0,1063,3716,13752,5187,6056,899,459,0,31132
33796,9395,20,230,80,43242,6,22.65,43241,1,337,5723,26835,7369,2962,41,2,0,43269
11378,49679,5153,11536,1944,79690,23,69.14,79280,410,343,8244,64794,855,588,327,51,0,75202
16638,34984,14,2520,250,51913,14,51.47,51896,17,16,1497,40882,3899,5604,23,3,0,51924
154036,33788,2772,290,1866,192491,10,35.7,190958,1533,32,95,158461,115,67,29,19,0,158818
56472,43880,110,50,90,100476,8,30.21,100476,0,1058,4123,42900,22808,23913,3843,1881,0,100526
48001,52468,1044,11576,2695,115784,18,60.83,113755,2029,2036,1457,72532,1034,20213,7067,4937,0,109276
69301,30018,1106,3054,4017,107496,15,48.52,106393,1103,422,5641,83900,306,10116,2965,1659,0,105009
80782,50284,127,1580,1167,132518,10,39.84,132517,1,645,4494,78830,32433,14620,2315,63,0,133400
54499,5068,816,1053,1013,62449,8,32.37,61789,660,31,1077,57582,1,0,2,2,0,58695
11407,7576,347,260,2363,21719,4,15.48,21408,311,63,3,12325,7,0,1,7,0,12406
19220,5487,1544,4552,2887,33690,10,33.29,33222,468,188,23,29102,542,66,33,1,0,29955
322953,290655,6338,4897,37499,662342,19,60.91,662086,256,3116,34019,320017,104453,125339,24536,12982,0,624462
27733,54096,19,9110,350,82794,9,35.12,82792,2,69,3288,40435,18489,3047,30,2,0,65360
21587,7012,622,10,2244,31466,19,65.74,30883,583,9,297,33858,0,0,0,0,0,34164
154130,6431,106,400,3050,161012,10,39.7,160979,33,109,8948,83070,45302,20514,1361,655,0,159959
1241172,1718013,131181,60082,31448,3181896,19,57.61,3171206,10690,3865,55046,1551194,264645,712513,335140,151747,114182,3188332
571363,961688,36277,3119,9877,1582324,52,122.9,1575418,6906,314,31411,517018,284040,458120,178396,114939,0,1584238
27083,263,11,10,22,29558,7,28.62,29548,10,34,3182,15315,5904,2927,43,2,2151,29558
55035,39690,389,3800,1121,96615,8,30.81,96603,12,70,3432,37144,24088,20123,7290,3289,1035,96471
56378,15097,1187,1407,6708,93440,16,51.46,91012,2428,67,4313,83676,5355,7,5,9,0,93432
56786,34722,894,1334,350,93771,9,32.52,93760,11,11,5220,41080,23686,16046,5053,2675,0,93771
349710,324709,12778,12043,10739,709979,19,63.33,709874,105,291,25411,280837,102892,217602,40898,24251,8429,700611
107764,73692,1894,10267,860,193703,14,47.89,193654,49,1685,9078,95466,45189,30010,7958,4113,0,193499
23410,6973,19,1603,510,32056,5,21.27,32056,0,1110,4061,13220,4867,6996,977,824,0,32055
33844,9626,20,280,340,43552,6,22.74,43551,1,345,5364,26566,7721,3507,44,3,0,43550
10808,50495,8272,10569,1927,82071,23,71.05,81675,396,310,8729,66053,1227,792,391,81,3503,81086
16912,34984,14,2530,310,52194,14,51.57,52177,17,9,1488,40777,4083,5813,22,3,0,52195
152896,16114,3015,6206,192,180151,9,33.33,178661,1490,26,1656,177646,438,278,29,81,0,180154
56271,47470,95,50,540,103895,8,31.14,103895,0,1053,3900,41723,23131,22262,9091,2735,0,103895
46739,54119,1017,12404,2692,116971,18,61.24,114965,2006,1396,2372,68036,1325,22781,7528,6300,6105,115843
68690,30451,1250,4259,5114,109764,15,49.38,108702,1062,409,5598,81078,485,12502,3447,2440,3719,109678
80705,50446,127,1580,1376,132812,10,39.8,132811,1,636,4275,73284,32842,18968,3559,84,0,133648
54079,451,812,2246,1036,58624,8,30.3,57965,659,22,1062,57525,9,0,2,2,0,58622
11104,1119,335,170,2329,14904,3,10.59,14604,300,59,101,12822,8,0,1,7,1902,14900
18614,1668,582,4638,395,29452,9,28.91,29018,434,68,78,29073,655,100,1,3,0,29978
341680,293831,10602,10965,15382,672460,19,61.71,672137,323,3109,34132,309998,108939,151329,30736,19602,14119,671964
27313,40407,19,1025,800,68844,7,29.13,68842,2,41,3091,43544,18773,3359,32,2,0,68842
19372,6906,530,10,2045,28854,18,59.89,28346,508,6,310,31334,2,0,0,0,0,31652
156583,5223,105,1020,3190,162332,10,39.9,162298,34,105,8164,78750,45241,24318,1303,4367,0,162248
1452061,1793884,133928,64379,31194,3475446,20,62.63,3464882,10564,1514,74766,1445752,292732,886678,480237,184203,105818,3471700
349995,968483,35535,3164,9393,1366570,45,106.24,1359882,6688,89,10039,292566,222737,487826,227953,127384,0,1368594
27300,4415,15,10,2214,33945,8,32.79,33934,11,34,2896,14770,6145,3539,41,4,6500,33929
54879,40157,383,3880,113,96937,8,30.83,96925,12,70,3261,32516,24488,23296,8219,3897,1035,96782
56375,19591,1194,1407,6729,97959,16,53.72,95532,2427,67,4314,83161,5358,4,5,9,5010,97928
56937,35225,888,1334,330,94417,9,32.66,94406,11,11,5005,37152,24038,19068,5890,3256,0,94420
349342,326894,13178,13237,11275,713926,19,63.52,713825,101,281,23922,222815,104300,266259,57137,29228,10049,713991
106998,75751,3789,10776,800,197394,15,48.68,197346,48,18,8861,90080,45599,37401,9818,5071,0,196848
23556,7095,17,1603,570,32328,5,21.4,32328,0,1110,3803,10092,5117,10061,1091,1046,0,32320
33856,10456,23,280,430,44406,6,23.12,44405,1,345,4807,27219,8044,3925,49,4,0,44393
10807,51389,8386,10556,1926,83064,24,71.75,82668,396,245,8119,67104,1616,1076,614,98,3503,82375
16960,34984,13,2530,350,52245,14,51.44,52228,17,9,1485,40680,4217,5831,19,1,0,52242
152931,36872,3086,6206,1852,200947,10,37.07,199463,1484,20,1662,164599,501,266,19,72,33788,200927
56311,46880,328,50,560,103580,8,30.96,103580,0,48,4700,35820,23291,26223,10241,3219,0,103542
46714,55072,1000,12404,2713,117903,18,61.52,115897,2006,1396,2367,59468,1311,29012,9709,7378,6105,116746
68769,31712,1251,4259,5128,111119,15,49.82,110057,1062,409,5333,74894,530,17997,4972,3129,3975,111239
79936,51534,118,2040,1391,133183,10,39.78,133182,1,116,4459,60334,33088,30771,5145,88,0,134001
54080,5068,826,2246,1048,63268,8,32.61,62610,658,22,1058,57078,11,0,3,0,5068,63240
11104,7594,368,160,2314,21396,4,15.15,21096,300,57,101,11920,11,0,7,2,9284,21382
18615,4474,1799,6734,2783,34405,10,33.55,33970,435,26,120,28600,655,100,1,3,4267,33772
341997,300421,10674,11636,15298,680026,20,62.28,679717,309,1359,33639,262008,108576,188900,39589,22801,23181,680053
26788,54594,23,1432,810,82918,9,34.99,82916,2,41,2910,41298,18914,3449,33,2,17589,84236
19372,9663,531,10,2047,31614,19,65.2,31106,508,6,307,33987,2,0,0,0,107,34409
158611,8921,107,3680,500,168057,10,41.18,168026,31,16,7472,78811,45675,26405,1218,7082,1305,167984
1450203,1807868,143626,71256,27746,3500699,20,62.78,3490134,10565,1009,81354,1459443,295457,816056,536049,199589,113357,3502314
342431,977916,35610,3908,9321,1369186,45,106.53,1362498,6688,73,9234,290291,219166,445345,264805,142253,0,1371167
27444,4415,15,10,2214,34089,8,32.86,34078,11,34,2414,14624,6112,4347,36,6,6500,34073
54134,40750,562,1946,1129,98521,8,31.25,98509,12,70,2968,34167,24282,21887,9251,4630,1035,98290
58935,19591,1239,1407,6729,100564,17,54.9,98137,2427,67,4471,85598,5369,4,5,9,5010,100533
56541,39715,201,1468,320,97957,9,33.81,97946,11,11,7047,38268,24066,17926,6780,3862,0,97960
345141,327636,13832,16355,10109,713073,19,63.27,712979,94,81,21779,219630,102596,244291,78852,34950,8110,710289
104811,80376,2405,12313,800,199985,15,49.2,199937,48,18,8179,94459,44570,34281,12012,5920,0,199439
23543,7311,18,13625,570,44554,7,29.43,44554,0,1110,3568,22409,5176,9727,1313,1243,0,44546
33571,10856,23,6400,430,45133,6,23.43,45132,1,345,3320,29319,8083,3977,44,7,0,45095
12416,53587,8420,7011,9870,82421,23,71.04,82177,244,244,8797,68083,2409,965,969,179,698,82344
16663,34984,13,2530,350,51948,14,50.98,51931,17,9,1384,40679,4198,5640,20,15,0,51945
152938,36872,3084,6206,1852,200952,10,36.97,199468,1484,20,1658,164596,515,266,17,72,33788,200932
57265,47923,512,3910,560,106147,9,31.63,106147,0,48,6092,39489,23569,23747,11888,3866,0,108699
46633,52855,998,12649,2713,115848,18,60.24,113842,2006,1396,2408,56035,1314,26417,12442,8551,6105,114668
68667,32795,1252,4396,5125,112235,15,50.15,111176,1059,409,5298,75056,523,16480,6663,3725,3975,112129
78386,53478,678,2340,1391,134167,10,39.94,134166,1,116,3990,61763,33285,28431,7239,182,0,135006
54080,5068,826,3079,1048,64101,8,32.95,63443,658,22,1378,57591,11,0,3,0,5068,64073
11104,7666,368,160,2314,21468,4,15.15,21168,300,57,101,11992,11,0,7,2,9284,21454
18615,4474,585,6734,3997,34405,10,33.33,33970,435,26,120,28600,655,100,1,3,4267,33772
337934,304349,11354,15801,15114,684552,20,62.57,684243,309,744,34267,262603,112143,175540,50525,26512,22257,684591
26074,55935,23,1662,810,83775,9,35.26,83773,2,41,2717,41362,18721,3278,31,31,17589,83770
19372,22756,531,10,2047,44707,27,91.61,44199,508,6,188,40912,2217,75,0,0,107,43505
160315,8965,110,2520,3150,169957,10,41.51,169926,31,16,6735,79899,44968,27059,1084,8784,1305,169850
1435856,1929273,156382,62318,26448,3610277,21,64.44,3599714,10563,991,80459,1445733,190805,636090,897964,237248,120464,3609754
334353,1009252,35694,3872,9319,1392490,45,108.45,1385804,6686,73,8493,287919,147253,370677,415020,165055,0,1394490
27553,4443,15,10,2214,34226,8,32.92,34215,11,34,1994,18475,6358,5320,34,7,2151,34373
53927,42359,1990,2628,1129,102033,9,32.28,102021,12,70,3503,38729,24916,20335,11085,5667,1035,105340
58887,23065,1239,13817,6728,103736,17,56.39,101310,2426,67,3951,91096,6162,531,623,164,0,102594
56444,41300,212,1468,320,99456,9,34.25,99445,11,11,6754,38364,24953,16601,8357,4419,0,99459
337620,342401,15785,19213,10839,725858,20,64.24,725764,94,81,24767,224471,96372,221984,109333,39854,6490,723352
103318,83714,2403,15093,800,204608,15,50.22,204560,48,18,9048,96095,45651,31353,15111,6786,0,204062
22777,7589,817,13625,570,44865,8,29.58,44865,0,1110,3365,22624,5259,9336,1729,1434,0,44857
33363,10856,32,6410,430,44935,6,23.26,44934,1,345,3020,29048,7756,4066,39,623,0,44897
12415,54574,8437,7011,9870,83424,24,71.75,83180,244,242,8417,68507,3153,920,1189,216,698,83342
16587,34984,13,2530,350,51872,14,50.73,51855,17,9,1291,40647,4138,5425,20,339,0,51869
151033,40205,5744,8195,1852,207029,11,37.99,205545,1484,20,1525,199297,2476,4727,27,129,0,208201
56290,50793,512,3910,560,108042,9,32.1,108042,0,48,5749,39617,24747,21212,14674,4547,0,110594
46602,54129,998,12277,2712,116718,18,60.49,114713,2005,1396,2244,55822,1647,23785,15218,9718,6105,115935
68590,33474,1252,5051,5125,113492,16,50.54,112433,1059,409,5221,75929,512,14912,8470,4332,3719,113504
76600,53980,678,2340,1391,132883,10,39.43,132882,1,116,3721,61795,32782,25582,9224,502,0,133722
54025,5838,826,2744,1048,64481,8,33.05,63823,658,22,1326,62525,180,312,3,1,0,64369
11096,7784,368,52859,2314,74421,15,52.35,74121,300,57,109,19170,52940,119,63,2,1902,74362
18606,4574,585,6238,3996,33999,10,32.73,33565,434,26,116,32815,778,206,1,3,0,33945
339126,312866,11749,16337,15022,695100,20,63.41,694883,217,467,36786,269211,115907,162545,62479,31266,13911,692572
25805,58789,23,1662,810,86360,9,36.25,86358,2,41,2550,60260,19116,3806,64,265,0,86102
19365,22649,1502,10,2047,45564,28,92.77,45056,508,6,187,41569,2270,231,24,13,0,44300
161209,9280,110,2520,3150,171166,10,41.68,171135,31,16,5993,81559,43282,27062,941,12187,0,171040
1305576,1949637,296102,65477,19814,3636606,21,64.6,3626502,10104,134673,73761,1422463,194426,577679,949093,265386,19125,3636606
328253,1019490,33042,3978,4257,1389020,45,108.27,1385577,3443,74,7388,283281,143309,330496,437662,186810,0,1389020
26912,4443,16,0,2212,33583,8,32.23,33574,9,34,1669,17955,6425,5461,29,7,2003,33583
53409,43555,1940,3236,113,103270,9,32.59,103257,13,69,3405,36437,25633,18965,12393,6368,0,103270
37215,23065,952,14443,3047,78722,13,42.61,77204,1518,66,3917,66061,6215,531,623,165,1144,78722
55842,42418,796,1515,300,100601,9,34.57,100591,10,10,6438,37376,26562,15498,9688,5029,0,100601
328854,355716,17675,21851,13243,737339,20,65.09,737234,105,81,24102,228475,97277,201639,128053,48809,8903,737339
101168,86198,4853,15472,14356,222047,16,54.37,222003,44,18,8769,94780,50027,29002,18146,7612,13693,222047
22619,7880,887,13761,570,45204,8,29.74,45204,0,1110,3074,22962,5285,9027,2092,1654,0,45204
33248,12484,153,6400,43608,90133,12,46.53,90132,1,27,2803,30727,7811,4021,30,1141,43573,90133
18832,55337,2685,7772,101,85636,24,73.49,85368,268,241,7727,70508,3661,978,1328,270,923,85636
16367,34984,12,2520,360,51651,13,50.35,51633,18,9,1164,40285,4088,5216,17,869,3,51651
148524,40205,5665,10363,1547,206304,11,37.76,204982,1322,20,1463,197450,2494,4726,19,132,0,206304
55500,53673,465,4260,6209,116273,9,34.45,116273,0,47,5981,43267,26019,19226,16566,5167,0,116273
40747,55634,3115,12425,2444,114365,18,59.07,112309,2056,1328,3044,52313,1781,21452,17135,11025,6287,114365
68377,34292,1299,8037,4832,116837,16,51.86,115922,915,384,1225,83412,643,13440,9569,5070,3094,116837
74295,57539,638,2530,1853,134578,10,39.8,134577,1,49,3659,58492,36365,22910,10861,2242,0,134578
51660,5838,806,2883,1211,62398,8,31.9,61834,564,22,1465,59811,180,312,1,1,606,62398
11108,7784,378,53097,23964,96331,19,67.55,96040,291,57,109,19164,53183,119,62,2,23635,96331
10659,4615,382,6378,2734,24768,7,23.69,24443,325,25,115,23107,779,206,1,4,531,24768
335519,322782,14387,18705,28997,720390,21,65.59,720161,229,335,31397,276301,121009,152039,74432,36427,28450,720390
25339,61243,23,2649,810,89335,9,37.4,89333,2,39,3250,61347,20127,3686,77,483,326,89335
19789,23349,1623,0,1499,46260,28,93.59,45716,544,6,27,29919,6323,9894,24,67,0,46260
159215,11670,119,6860,3140,172004,10,41.76,171972,32,16,5244,82089,42766,26111,847,14839,92,172004
1304507,2020730,336362,64867,20201,3746667,22,66.24,3736563,10104,162513,72296,1429964,202511,576428,576859,705769,6369,3732709
328246,1030814,32281,3978,4281,1399600,46,109.2,1396157,3443,74,7417,283787,131007,330122,365713,283463,0,1401583
26912,4443,16,0,2251,33622,8,32.19,33613,9,34,1708,18761,6443,5606,29,7,2151,34739
53409,43555,1951,3628,1134,103677,9,32.64,103664,13,69,3801,38719,25632,18965,12393,6368,1035,106982
37302,23065,1923,14443,3045,79778,13,43.0,78260,1518,66,3938,71077,6571,787,74,165,0,82678
55842,43444,1615,1528,580,102487,9,35.13,102477,10,10,6470,38402,26562,15498,9688,5029,0,101659
323272,363959,19902,24615,12367,744115,20,65.52,744010,105,81,20403,242769,96997,200681,127965,50716,6806,746418
100999,90253,12723,16231,12241,232447,17,56.79,232403,44,18,9217,107013,50068,28957,18146,7619,12142,233180
22570,7878,940,13761,620,45211,8,29.68,45211,0,1110,3023,23085,5301,9027,2099,1654,0,45299
33248,12484,153,6400,43622,90147,12,46.41,90146,1,27,2817,30727,7811,4021,30,1141,37162,83736
18832,57373,2891,9023,1041,89160,25,76.35,88892,268,236,8327,70538,4466,1061,1354,405,698,87085
16367,34984,12,2520,410,51656,13,50.18,51638,18,9,1169,40285,4088,5216,17,869,0,51653
148524,40205,5662,10363,1544,206298,11,37.66,204976,1322,20,1786,205383,2837,5702,111,140,0,215979
54898,59214,465,4260,7717,122720,10,36.26,122720,0,47,5946,45266,25890,19111,16552,5167,7654,125633
40747,55634,3114,1251,2372,114377,18,58.88,112321,2056,1328,3055,52360,1781,21452,17135,11026,6105,114242
68377,34124,3994,9736,4857,121088,16,53.57,120173,915,384,1583,84845,2037,13615,9567,5076,3719,120826
74426,57933,647,1135,1879,136020,10,40.1,136019,1,49,4232,59244,36473,22910,10861,2242,1,136012
51660,5838,808,2932,1207,62445,8,31.83,61881,564,22,229,62380,266,520,3,2,560,63982
11108,7784,378,53097,23968,96335,19,67.34,96044,291,57,120,21380,53214,345,6,2,23577,98701
10659,4615,382,6514,2735,24905,7,23.67,24580,325,25,128,21990,2731,702,26,4,0,25606
340038,340344,15621,23215,1786,737078,21,66.97,736851,227,333,29350,296798,122959,153212,74575,36502,18591,732320
25337,61547,23,2847,990,89853,9,37.52,89851,2,39,3372,62895,20691,3959,85,494,0,91535
19789,23549,1623,0,1486,46447,28,93.38,45903,544,6,131,38851,3623,641,80,29,0,43361
159215,11670,118,6780,3210,172002,10,41.63,171970,32,16,5188,82240,42877,26210,847,14839,0,172217
1284658,2079900,382971,7524,32929,3855698,22,67.85,3845594,10104,199768,46852,1436259,217785,438663,502275,985767,43438,3870807
309937,1061358,36082,3962,4281,1415620,46,110.55,1412177,3443,74,1027,281370,124087,239691,296155,475991,0,1418395
25682,5543,13,1460,2251,33635,8,32.13,33626,9,34,43,16631,8670,6049,34,10,2151,33622
50765,47448,4203,4727,1591,108734,9,34.14,108721,13,69,1383,38488,26431,16789,15348,9904,1492,109904
37313,26338,1917,14443,7545,87556,14,46.99,86038,1518,66,3952,69032,10049,1495,74,165,4500,89333
53835,47431,1701,2444,6138,111549,10,38.16,111539,10,10,3012,40424,27774,13114,11928,7119,6080,109461
314768,388254,23023,33847,15236,775128,21,68.07,775023,105,81,8165,248427,100512,157458,170159,76053,8938,769793
97081,91081,12764,17369,17529,235824,17,57.48,235780,44,18,5905,100687,52316,23196,24221,10664,17206,234213
21916,8686,1382,14292,1620,46438,8,30.42,46438,0,1110,349,26512,5399,8384,2639,2258,100,46751
33022,30742,274,8120,21857,86707,11,44.51,86706,1,27,940,26233,8441,26700,27,2600,21765,86733
19471,52101,4840,10789,3004,90205,25,77.08,89937,268,236,3289,75406,5191,1366,1445,629,2661,90223
15014,34984,11,2510,410,50301,13,48.7,50283,18,9,11,39819,4297,4857,13,1298,0,50304
148673,54027,6865,12748,1544,223857,11,40.75,222535,1322,20,2522,205165,2971,10092,1256,234,0,222260
55373,64272,543,4210,12269,132878,11,39.15,132878,0,47,2226,45769,27385,15408,18882,8129,12206,130052
43420,59021,4983,12792,2737,122953,19,63.08,120954,1999,302,3038,61776,4688,17318,21210,14132,422,122886
67841,36527,4037,10485,19657,138547,19,61.09,137632,915,384,1354,86366,2201,10291,12407,6907,18519,138429
68827,62343,725,121,9463,142568,10,41.89,142567,1,49,974,59638,36923,16961,14059,6461,7585,142650
51680,7425,1174,287,6876,70025,9,35.6,69461,564,22,213,60913,2177,785,7,4,6119,70240
11130,10298,347,57242,38368,117385,23,81.79,117094,291,57,102,16575,4964,467,57236,5,37977,117383
10665,10257,379,6514,2735,30550,9,28.85,30225,325,25,84,24861,3806,1202,28,4,0,30010
325420,355140,18236,2198,22708,743484,21,67.42,743258,226,321,8427,300124,125176,129741,100131,49865,22323,736108
24393,64783,219,2759,346,126754,13,52.79,126752,2,39,1832,63268,21362,3741,108,1205,34501,126056
19790,25527,651,0,1486,47454,28,94.8,46910,544,6,123,41824,4241,1573,96,32,0,47895
153121,12089,116,6840,3210,166331,10,40.14,166299,32,16,157,78891,44296,24291,628,18394,0,166673
1277249,2144956,425386,85572,2707,3960233,23,69.36,3950114,10119,238920,44648,1432722,222812,260506,483572,1246209,42294,3971683
300288,1080973,24900,3895,31155,1441211,47,112.65,1437734,3477,104,368,269704,120924,138011,258591,655108,0,1442810
24349,5543,13,2440,2251,32400,8,30.88,32391,9,34,43,14449,9285,6333,72,15,2151,32382
50416,49156,8063,5224,1592,114451,10,35.85,114438,13,69,1216,32764,28198,13336,12987,16740,6917,112227
37298,27090,1917,15149,7551,89005,15,47.57,87481,1524,74,840,62680,13033,7171,1240,614,4500,90152
53344,50230,1888,2458,4839,112759,10,38.49,112749,10,10,597,42231,29628,10348,10388,12674,4780,110656
307780,399231,30064,37277,8701,783053,21,68.59,782946,107,83,5824,240151,106651,118486,146247,157546,7353,782341
94947,96305,12888,1853,15432,238102,17,57.9,238057,45,19,4446,99656,56161,17064,21216,22645,15107,236314
21777,8359,1476,14292,1620,46066,8,30.11,46066,0,1110,349,24943,6049,7117,2262,4443,100,46373
33110,35742,274,8120,16638,86576,11,44.32,86575,1,27,885,31722,9240,26835,56,3671,16545,88981
19469,52941,4994,11462,1962,90828,26,77.45,90559,269,237,3289,75849,5922,1611,1359,941,1618,90826
14390,34984,11,2510,410,49677,13,47.94,49659,18,9,10,38657,4786,4887,22,1307,0,49678
148640,54312,6865,12975,1545,224337,11,40.74,223015,1322,21,1269,206821,2958,10093,1263,349,0,222774
54493,65872,829,4190,1227,133883,11,39.33,133883,0,47,1928,43530,29375,11256,16107,16650,12206,131099
43347,60484,5560,13512,2518,125421,19,64.14,123435,1986,45,2258,62909,4586,9597,16923,28458,122,124898
67478,37425,9739,10806,18847,144295,20,63.42,143391,904,47,1234,87435,2348,9779,10176,15505,17719,144243
65799,74329,733,158,9394,151835,11,44.48,151834,1,49,900,43160,62230,14309,11418,12357,7515,151938
51670,7425,1227,7241,5535,73098,9,37.06,72535,563,22,171,68315,2245,1267,41,128,4779,76968
13037,10561,350,62286,36466,122700,24,85.23,122409,291,57,100,18643,5113,467,62242,5,36075,122702
10663,17056,969,6544,2738,37970,11,35.63,37642,328,28,84,31612,4472,1203,27,4,0,37430
319396,377171,18690,24269,21408,760934,22,68.87,760706,228,640,8184,242454,193286,107068,84325,97082,19537,752576
24556,71198,219,2759,344,133132,14,55.3,133130,2,39,1832,35554,55172,3612,86,1836,34501,132632
19790,26659,651,0,1487,48587,29,96.46,48043,544,6,14,32133,4692,1756,82,226,9648,48557
150918,12089,116,6840,3240,164131,10,39.49,164099,32,16,110,71043,47693,24354,843,20385,0,164444
720011,2191672,669194,87111,18266,3686254,21,64.25,3681120,5134,33489,27537,1177446,262297,247106,452570,1465133,20676,3686254
196938,1093143,35534,3914,28576,1358105,44,106.25,1356695,1410,307,15,177098,110218,110852,205810,753805,0,1358105
22999,3318,9506,2610,2227,38311,9,36.44,38310,1,63,0,9945,7619,9305,804,7477,3098,38311
48661,53602,8831,5229,158,117903,10,36.84,117900,3,83,0,25899,18959,30902,13516,21556,6988,117903
47045,26977,1324,15267,5489,96102,16,51.15,95292,810,158,4,69405,12945,7615,1240,614,4121,96102
52525,51845,2002,2458,5004,113834,10,38.77,113831,3,72,0,35055,20620,27367,9981,15744,4995,113834
296872,410038,53335,3775,8693,806688,22,70.48,806633,55,142,0,232781,118232,109330,114111,221742,10350,806688
92981,99206,12875,18561,15407,239030,17,57.99,239017,13,47,0,88203,44511,42962,18976,30153,14178,239030
21567,8684,1760,14531,1690,46711,8,30.47,46711,0,1127,191,24606,6319,6788,1766,5671,243,46711
32949,37604,873,8140,16641,88881,12,45.38,88881,0,55,0,32920,9632,26764,102,5286,14122,88881
15457,56854,4942,11341,1805,90399,25,76.92,90280,119,293,313,76747,6900,1951,1287,1342,1566,90399
13738,34984,0,2510,290,49002,13,47.14,48999,3,21,0,37846,5045,4763,22,1305,0,49002
96678,49711,24989,13672,7300,185780,9,33.65,185157,623,746,9,145139,12955,15237,2165,2628,6901,185780
53116,69676,847,4410,11733,135813,11,39.79,135813,0,71,0,39664,20840,27305,15626,20799,11508,135813
29826,60970,10549,14246,8540,116445,18,59.36,116069,376,218,1,57370,4439,7357,12059,35001,0,116445
49747,37933,9658,11437,18365,127140,17,55.71,126636,504,114,0,71847,2797,8558,6968,19837,17019,127140
63272,76062,21865,304,8206,172445,12,50.35,172443,2,149,1,42159,67656,15369,14170,25821,7120,172445
41360,6338,4931,7241,5104,64974,8,32.85,64715,259,48,1,60626,1594,1292,40,127,1246,64974
8569,8027,6,55266,36333,108201,21,74.92,108053,148,105,0,11901,4164,525,55216,3,36287,108201
13264,15899,1036,68,2371,39370,11,36.71,39170,200,67,0,32368,4346,2224,7,8,350,39370
312072,382254,27464,26978,20401,769169,22,69.48,769019,150,698,0,230234,190664,113527,70998,135576,27472,769169
24682,71239,200,281,4657,103588,11,42.92,103587,1,133,908,34911,56309,3756,105,2449,5017,103588
13261,26821,0,0,3100,40392,24,79.7,40101,291,11,0,23593,5050,1848,139,1962,7789,40392
146985,11012,39574,7250,3480,198644,12,47.65,198621,23,55,0,54544,52017,28916,6405,56707,0,198644
673237,2210349,720688,85443,18334,3708051,21,64.33,3702985,5066,38215,36802,1122034,236421,247977,205780,1802583,28935,3718747
184494,1097635,38898,3911,28556,1353494,44,105.98,1352104,1390,264,312,169651,102254,89665,85899,906009,0,1354054
21945,3146,12056,2610,2227,39635,10,37.62,39634,1,63,0,8838,7543,9558,408,10299,2151,38860
46356,54144,11958,6239,158,120277,10,37.48,120274,3,308,928,23291,19976,29851,10416,28539,6917,120226
45763,27287,1324,16885,5479,96738,16,51.27,95938,800,158,109,69586,12957,7756,1240,614,4500,96920
51126,53231,2172,2437,5004,113970,10,38.73,113967,3,72,527,33479,21382,26679,7351,19467,4780,113737
286168,406109,68512,41617,8693,811099,22,70.69,811044,55,142,5128,217229,120188,95827,65733,296875,9802,810924
90368,95434,13245,18737,14062,231846,17,56.12,231833,13,130,4081,72280,47132,41125,11988,39794,13762,230292
21068,8887,1800,1451,1690,46434,8,30.23,46434,0,1127,342,23761,6500,6564,964,6918,100,46276
32066,38938,3078,9420,16641,91665,12,46.67,91665,0,55,182,33120,9979,26693,166,7349,16545,94089
8553,53755,13821,11295,1802,89226,25,75.77,89110,116,293,811,72740,7199,3029,1342,2113,1618,89145
13076,34984,0,2510,290,48340,12,46.35,48337,3,21,1,37209,5158,4640,22,1294,0,48345
91955,50251,28059,12465,7220,183452,9,33.14,182837,615,58,40,140410,12285,17489,2860,3818,0,176960
51458,69452,1220,4600,10962,133552,11,39.02,133552,0,71,524,36622,21271,26433,11581,26313,10885,133700
29305,65951,11031,14711,7290,121727,18,61.85,121354,373,218,327,60152,5257,7123,5399,43738,0,122214
47756,38479,10381,11222,18362,126200,17,55.12,125699,501,114,466,69154,2930,7857,3199,25488,17719,126927
60426,75593,23025,4125,7212,170381,12,49.6,170379,2,129,514,38537,63714,17991,8625,34744,6441,170695
40092,6448,5508,7082,5101,64231,8,32.39,63975,256,48,194,59787,1594,1292,40,127,4779,67861
8301,7612,5,58301,36333,110552,22,76.31,110404,148,105,0,11322,4164,525,58258,5,36075,110454
12845,15766,1026,6817,2368,38822,11,35.97,38625,197,67,11,27447,4993,5169,529,119,0,38335
302366,383673,35123,30488,19468,771118,22,69.52,770981,137,696,2994,217553,196826,104560,48448,173823,17656,762556
24695,70424,200,2779,4657,102755,11,42.47,102754,1,133,1779,33086,56884,3737,135,2799,4501,103054
12854,25632,0,0,3080,38794,23,76.07,38505,289,11,1,22976,5024,1834,196,518,7046,37606
143184,10494,44687,1355,3470,200067,12,47.85,200045,22,52,97,49555,50383,31096,1730,67536,0,200449
661272,2244277,723072,91736,57189,3777546,22,65.22,3772480,5066,37542,31606,1129236,241336,233132,188995,1894466,21233,3777546
178896,1106133,39482,3937,29373,1357821,44,106.41,1356431,1390,264,312,166474,94585,79858,80160,935481,687,1357821
26968,3641,14878,2610,2228,47976,12,45.43,47975,1,63,0,8801,8690,10242,426,16578,3176,47976
46816,56017,17266,6452,1581,128132,11,39.83,128129,3,308,928,24350,21140,29044,12082,33311,6969,128132
45761,38279,1324,17678,5614,108656,18,57.34,107831,825,158,109,69578,22188,10537,1473,614,3999,108656
51248,55536,3144,3927,5011,118866,11,40.3,118863,3,72,527,34242,22845,25844,7898,22418,5020,118866
282858,415007,85818,44522,8263,836468,22,72.71,836413,55,168,4383,219025,125932,89530,63216,325243,8971,836468
89391,99423,13954,20042,11303,234113,17,56.54,234100,13,130,3679,66758,50640,42090,12856,43391,14569,234113
21805,9353,1882,14723,1690,47932,8,31.14,47932,0,391,151,23534,7109,6998,961,7475,1313,47932
32705,38938,5057,9520,16664,94316,12,47.89,94316,0,55,182,30548,10519,26829,209,9417,16557,94316
8551,54422,14232,11314,129,89809,25,76.1,89693,116,293,810,71218,7531,3800,1657,3377,1123,89809
16885,34984,1,2500,350,52155,13,49.84,52152,3,21,1,37375,5661,4686,73,4336,2,52155
91904,62941,29613,15924,8020,201184,10,36.25,200569,615,58,40,142253,12439,35274,3248,5422,2450,201184
50792,74497,2579,3319,9153,140340,11,40.89,140340,0,71,524,39867,23719,26445,12305,28763,8646,140340
30256,67990,11037,15755,1134,126172,19,63.9,125799,373,218,327,61171,6103,6625,5296,46432,0,126172
49756,39650,10382,11331,18367,129486,17,56.37,128985,501,114,466,70817,3335,7498,3246,26953,17057,129486
59502,81740,24289,5123,7108,177762,12,51.58,177760,2,129,514,41801,64463,16989,7741,39594,6531,177762
40092,8275,5509,7019,8882,69777,9,35.09,69521,256,48,194,59113,917,4908,40,127,4430,69777
8401,8357,6,60935,36253,113952,22,78.41,113804,148,105,0,11439,3585,1934,60889,8,35992,113952
12845,16044,1027,6585,2368,38869,11,35.79,38672,197,66,0,26938,4166,6541,546,119,493,38869
299974,381679,46698,30487,19094,777932,22,70.0,777795,137,568,2061,213054,198772,96575,57236,189473,20193,777932
25917,72074,355,3038,4063,105447,11,43.47,105446,1,133,1779,32557,57709,5178,247,3328,4516,105447
12854,26025,0,0,3100,39189,23,76.37,38900,289,11,0,22325,5186,3034,391,796,7446,39189
150084,9833,55120,1357,7620,217156,13,51.78,217134,22,52,97,49028,54537,34184,2246,74377,2635,217156
653930,2384557,749087,94162,55541,3937277,22,67.66,3932211,5066,37542,31514,1113823,234710,219772,194248,2085815,19853,3937277
170375,1129573,39417,3936,29374,1372675,45,107.68,1371285,1390,264,312,162222,85083,68753,78028,977766,247,1372675
26868,3690,16857,2610,2228,49904,12,47.16,49903,1,63,0,8276,8768,11195,562,18886,2154,49904
45745,58825,20675,6706,2003,133954,11,41.54,133951,3,308,112,24675,21639,27546,13751,38729,7194,133954
45761,39386,2897,23216,18767,130027,21,68.34,129202,825,158,109,87559,22114,12217,2818,1110,3942,130027
50858,58681,2960,5513,5379,123391,11,41.75,123388,3,72,527,35190,23315,25308,8615,25344,5020,123391
276360,430771,102217,48368,9756,867472,23,75.22,867417,55,168,3064,218599,124833,84236,63823,361021,11728,867472
87892,106950,13954,20379,1232,241495,17,58.19,241482,13,130,2911,66648,51478,40797,14377,49395,15759,241495
21790,10003,2000,15023,3930,49209,8,31.91,49209,0,391,151,23163,7432,7125,991,8219,1737,49209
32611,57682,11112,9520,4371,106728,14,54.04,106728,0,55,182,32131,10566,45198,293,15238,3065,106728
9015,56845,14677,11893,1305,93735,26,79.26,93619,116,293,810,66695,7820,5577,2189,6322,4029,93735
17346,34984,1,2500,350,52616,13,50.12,52613,3,21,1,37105,5955,4660,124,4748,2,52616
91908,64672,32817,17523,8680,207788,10,37.35,207173,615,58,40,141404,12123,42433,3448,8237,45,207788
50195,77989,2572,3445,8985,143186,11,41.6,143186,0,71,524,39005,24215,25942,13663,30987,8779,143186
30222,70446,11043,16787,7370,129235,19,65.24,128862,373,218,327,60463,6561,5975,5449,49439,803,129235
49530,40001,10381,13187,18368,131467,18,57.05,130966,501,114,466,68986,3769,7096,3455,28488,19093,131467
58216,84128,25445,5764,7293,180846,13,52.32,180844,2,129,514,32780,64736,15990,7928,43773,14996,180846
40092,9223,5509,14023,848,77327,10,38.79,77071,256,48,194,65526,711,6529,41,128,4150,77327
8401,10077,6,61828,36253,116565,23,79.96,116417,148,105,0,12199,3351,2666,61319,8,36917,116565
12845,16098,1027,6938,2373,39281,11,35.95,39084,197,66,0,26888,4015,6730,629,120,833,39281
295051,405807,45721,37112,19307,802998,23,72.12,802861,137,568,1241,213353,199381,92095,58797,210562,27001,802998
26419,70720,555,4185,3613,105492,11,43.38,105491,1,133,909,33287,57418,4658,292,3994,4801,105492
12854,26491,0,0,3100,39655,23,76.81,39366,289,11,0,22094,5414,3726,481,937,6992,39655
149605,11752,59949,1808,7620,223876,13,53.23,223854,22,52,97,45913,54610,33126,3246,84195,2637,223876
635651,2441248,804991,93444,57927,4033261,23,68.98,4028195,5066,36939,31197,1109865,242243,214171,213588,2176242,9016,4033261
163060,1142528,39890,4815,29237,1379530,45,108.31,1378140,1390,135,244,160210,78123,60208,80269,1000073,268,1379530
26870,5115,17856,3220,2233,52396,13,49.41,52395,1,71,0,8843,8740,11436,591,20406,2309,52396
44332,61200,23687,7997,1875,139091,12,43.03,139088,3,301,112,24782,22479,26802,15701,40949,7965,139091
45703,39756,3040,23363,18712,130574,21,68.35,129749,825,106,109,88157,21824,12046,2818,1112,4402,130574
50102,61495,3146,5626,529,125659,11,42.43,125656,3,67,527,31900,26321,25687,9383,26789,4985,125659
267396,439322,125620,52827,17536,902701,24,78.08,902646,55,119,2386,214963,135262,82221,70013,384169,13568,902701
85683,113670,15653,20206,12169,247381,18,59.47,247368,13,105,2911,65659,53556,40755,16600,53141,14654,247381
21264,10789,2432,15341,3800,50206,8,32.49,50206,0,56,0,23540,7606,7181,1197,8946,1680,50206
32850,52815,15639,1077,347,105851,14,53.46,105851,0,49,182,23772,14379,44930,446,19282,2811,105851
9009,58945,15432,12194,1315,96895,27,81.77,96779,116,298,554,70184,8124,6562,2396,6257,2520,96895
17513,34984,1,2500,300,52778,13,50.11,52775,3,18,1,36906,6060,4633,181,4979,0,52778
91842,68364,36083,18331,8330,215453,11,38.63,214838,615,28,40,146312,11172,40396,3378,11557,2570,215453
49462,79855,6589,4359,6896,147161,12,42.64,147161,0,51,524,39988,26078,26445,14810,32264,7001,147161
30468,70614,13732,17689,6320,133135,20,67.0,132762,373,116,327,56434,8478,5791,5493,50776,5720,133135
48991,42022,17826,13994,18377,141210,19,61.09,140709,501,125,466,70305,4153,13131,3512,29372,20146,141210
56659,87817,30604,5858,6452,187390,13,54.04,187388,2,109,514,41443,68829,15188,8291,46697,6319,187390
40072,7004,6599,10468,8453,72596,9,36.32,72340,256,25,194,61316,740,5126,332,275,4588,72596
8417,11767,27,63019,36205,119435,23,81.68,119287,148,58,0,14020,3490,2688,62239,22,36918,119435
12347,19657,1041,4659,297,40674,11,37.0,40477,197,47,0,27173,4382,6634,1033,647,758,40674
287271,414746,62692,38712,17392,820813,23,73.58,820676,137,518,891,206372,203793,94246,65145,226246,23602,820813
26812,70522,570,5169,3596,106669,11,43.75,106668,1,123,909,34518,57590,4666,411,4520,3932,106669
12853,26439,6,0,3160,39614,23,76.27,39325,289,17,0,21881,6119,3497,488,922,6690,39614
149322,11150,68043,1834,7400,231089,14,54.78,231067,22,29,97,44095,54334,32155,4105,93594,2680,231089
629679,2452056,821597,98806,57864,4060002,23,69.11,4054936,5066,36939,31187,1108368,240520,163747,222061,2246313,10867,4060002
159805,1145093,39980,5559,29236,1379673,45,108.42,1378283,1390,135,244,159662,76753,56457,83255,1003041,126,1379673
26316,4409,18688,3220,2233,51968,12,48.9,51967,1,71,0,7423,8455,10115,712,22996,2196,51968
43214,61251,25426,8004,1875,139770,12,43.14,139767,3,301,112,24357,22102,27556,14496,42462,8384,139770
45501,40960,3444,23723,18712,132340,21,68.99,131515,825,106,109,86986,21401,15392,2844,1112,4390,132340
49160,62876,3337,5949,5303,126625,11,42.66,126622,3,67,527,31544,26223,26169,9001,27641,5453,126625
260350,444695,134634,54137,17065,910881,24,78.59,910826,55,93,2386,211799,135092,74659,71984,402191,12677,910881
83688,118424,16846,20836,12169,251963,18,60.44,251950,13,105,2911,67255,56060,42432,15774,54600,12826,251963
20663,11412,2562,15669,3800,50686,8,32.73,50686,0,56,0,22409,7569,7916,1215,9579,1942,50686
32254,54324,17322,2677,3879,110456,14,55.63,110456,0,49,175,23735,17293,40649,568,25609,2378,110456
8946,58711,15779,12369,13,97105,27,81.78,96989,116,298,554,68200,7864,7611,2786,7368,2424,97105
17363,34984,1,2500,300,52628,13,49.81,52625,3,18,1,36749,5968,4604,215,5074,-1,52628
91844,69295,38619,18332,8330,218923,11,39.15,218308,615,28,40,134386,11216,52533,4061,16615,44,218923
48292,82339,7064,4796,6896,149387,12,43.17,149387,0,51,524,40949,25503,27101,14050,32953,8256,149387
30223,70457,14171,17752,6320,133235,20,66.84,132862,373,116,327,56171,8443,5903,5677,50840,5758,133235
48777,42192,17828,13994,18377,141168,19,60.88,140667,501,125,466,70011,4187,13045,3642,29589,20103,141168
54768,89187,31498,5669,6452,187574,13,53.93,187572,2,109,20,40785,68149,9164,8139,54889,6319,187574
40072,11589,6671,11482,8453,78267,10,39.06,78011,256,25,194,60439,858,11494,340,276,4641,78267
8417,10678,28,63826,36205,119154,23,81.24,119006,148,58,0,11889,2926,4429,62913,22,36917,119154
12347,23089,5975,4264,3900,46065,12,41.65,45868,197,50,0,30655,8334,6987,1337,647,-1945,46065
277012,421480,70976,3914,17519,826127,23,73.92,825990,137,518,891,201632,204458,91846,65476,236924,24382,826127
26468,75849,570,5158,3596,111641,11,45.67,111640,1,123,909,33884,58464,8549,700,4868,4144,111641
12853,27247,6,0,3160,40422,23,77.35,40133,289,17,0,21379,1468,4317,486,919,11836,40422
147199,12185,69954,1834,7400,231912,14,54.82,231890,22,29,97,42810,53416,25255,4188,103437,2680,231912
603255,2503830,854173,113546,57547,4132351,23,70.0,4127167,5184,37192,31178,1096049,244001,140322,236897,2337604,9108,4132351
148989,1175097,41318,558,29371,1400355,45,110.14,1398747,1608,294,603,157558,73568,43859,86655,1037752,66,1400355
20305,9426,22331,1449,2233,55744,13,52.34,55743,1,71,0,7219,9091,6828,4941,25388,2206,55744
39826,62948,27584,8018,2353,140729,12,43.33,140726,3,301,112,23444,21574,24032,16069,47239,7958,140729
49271,41497,6081,23682,18706,139237,22,72.29,138412,825,104,105,89639,22605,16604,3896,1112,5172,139237
46648,67262,3731,6557,5303,129501,11,43.54,129498,3,67,645,29419,27037,24524,10059,32697,5053,129501
239780,467782,151855,55944,15519,930880,25,80.12,930818,62,99,2452,201757,136516,66950,70824,442357,9925,930880
77836,124957,17856,23786,13197,257632,18,61.66,257617,15,107,3024,63518,55349,39468,18484,61605,16077,257632
19571,12509,3610,1569,1710,51551,8,33.23,51551,0,381,0,22364,7310,7460,1341,11077,1618,51551
24738,60800,19611,2731,3968,111848,14,56.18,111848,0,48,175,24182,16577,37908,607,29950,2401,111848
9017,57014,17132,13209,1295,97667,27,82.08,97551,116,298,554,64146,7769,8128,3399,9311,4062,97667
11627,54255,9445,6245,300,81602,20,76.98,81599,3,18,1,5312,5971,23298,4825,42158,19,81602
91503,70834,44696,21811,8270,229671,11,40.97,229052,619,36,31,137462,10886,56117,4403,20686,50,229671
44960,87861,10376,5317,7662,156176,12,45.01,156176,0,51,5,41643,25907,25811,16172,38308,8279,156176
30083,72690,15619,19218,6400,138250,21,69.14,137877,373,112,327,57713,8631,5871,5943,54008,5645,138250
48189,43761,18727,15031,18376,144084,19,61.94,143583,501,125,557,69356,3663,15019,3867,31488,20009,144084
51396,96016,32050,5724,6453,191639,13,54.93,191637,2,101,20,42543,67012,7099,9654,58882,6328,191639
40072,12369,6673,11372,8447,78933,10,39.28,78677,256,18,333,59989,784,12550,340,278,4641,78933
8417,11308,28,6686,36205,122818,24,83.48,122670,148,60,0,11752,2703,5418,65946,22,36917,122818
12347,22967,6328,4269,3071,48982,13,44.01,48785,197,50,0,30595,8463,6888,1575,676,735,48982
256741,431915,90424,43997,17523,840600,24,75.07,840449,151,467,896,202018,204077,80452,75195,262124,15371,840600
20734,83770,909,5081,3596,114090,12,46.56,114089,1,123,909,32034,62224,10359,811,6064,1566,114090
12853,22504,6,140,3160,35693,20,67.89,35404,289,17,0,21335,6913,4580,476,889,1483,35693
110429,48359,71683,1837,7430,233051,14,54.93,233026,25,32,97,40224,51648,23732,5022,109616,2680,233051
585729,2595485,885613,120228,64554,4251609,24,71.68,4246425,5184,37193,31149,1108940,248153,141383,192797,2482266,9728,4251609
142902,1192107,42966,6059,29371,1413405,46,111.27,1411797,1608,295,603,156978,67013,39785,73502,1075229,0,1413405
18413,11709,22331,1568,2233,56254,13,52.71,56253,1,71,0,6755,8428,10517,1659,26618,2206,56254
38258,63659,27583,8018,2353,139871,11,42.96,139868,3,301,112,22545,20986,23852,14412,49705,7958,139871
49269,55794,8946,23376,18681,156066,25,80.71,155266,800,104,105,89168,26281,18538,5320,1643,14907,156066
44805,69403,7542,6766,5303,133819,12,44.9,133816,3,67,645,29629,28478,24792,9687,35468,5053,133819
229275,477223,167495,57617,15178,946788,25,81.28,946726,62,99,2452,204989,141285,65050,47198,476459,9256,946788
74443,128752,20485,235,13195,260375,19,62.18,260360,15,107,3024,61354,59776,39114,16284,67961,12755,260375
18093,14111,4730,1569,1710,52795,9,33.96,52795,0,381,0,22778,7142,6978,1192,12707,1617,52795
23554,60758,19926,2952,3968,111158,14,55.69,111158,0,48,175,23884,16417,37755,561,29917,2401,111158
9015,57881,17817,14479,1295,100487,28,84.28,100371,116,298,313,65063,7395,8737,4023,10506,4152,100487
11329,54744,9444,6613,300,82160,21,77.26,82157,3,18,1,5366,5979,23315,4868,42613,0,82160
91474,71247,70579,21811,8280,255939,13,45.55,255320,619,36,31,151871,12640,62628,7596,21087,50,255939
43230,89469,10969,7198,7662,158528,12,45.57,158528,0,51,5,41932,25099,26079,14792,42291,8279,158528
29650,73794,16455,1927,6400,139809,21,69.71,139436,373,112,327,57441,8566,6234,3631,57919,5579,139809
47934,44519,18725,15031,18376,144585,19,61.97,144084,501,125,557,68991,3730,14880,2282,34011,20009,144585
49212,98318,36126,5724,6453,195833,14,55.96,195831,2,101,20,41431,70104,6962,3878,67010,6327,195833
40072,12922,6670,11372,8447,79483,10,39.46,79227,256,18,333,59873,752,13250,338,278,4641,79483
8417,11884,27,68856,2868,117864,23,79.87,117716,148,60,0,11552,2405,6491,67942,22,29392,117864
12347,22961,6328,4269,3071,48976,13,43.75,48779,197,50,0,30561,8365,6799,1788,678,735,48976
245929,443156,93412,43447,1564,841584,24,75.02,841433,151,467,579,193207,201250,83941,55080,290793,16267,841584
19939,85535,909,6147,2928,115458,12,47.0,115457,1,123,909,32752,61838,11274,801,6863,898,115458
12853,36958,6,160,3900,50223,28,94.95,49934,289,17,0,23723,13397,9782,1433,976,895,50223
104489,53868,70964,2408,7430,232472,14,54.64,232447,25,32,97,39446,50293,21986,5300,115154,164,232472
426325,2706506,1176024,126887,73415,4509157,25,75.66,4502772,6385,37821,11026,352950,331292,297296,196021,3259793,22958,4509157
111360,1205128,60005,5679,29947,1412119,46,111.27,1409935,2184,563,1695,47133,81899,66135,66755,1147939,0,1412119
16385,13858,25100,1512,2235,59090,14,55.25,59089,1,71,0,6038,7855,9804,3262,29827,2233,59090
35548,63145,34688,8005,2359,143745,12,44.05,143740,5,461,112,18845,22678,21937,13692,58435,7585,143745
46361,57412,9655,28041,18839,160308,25,82.57,159364,944,126,1294,63698,39568,31175,5780,2904,15763,160308
42523,71183,10138,6778,529,135912,12,45.51,135908,4,67,645,28830,26368,22922,10087,39911,7082,135912
212011,487489,217214,61277,8779,986770,26,84.51,986693,77,100,2479,184548,130892,76246,41198,538700,12607,986770
70459,133387,23452,25022,12726,265046,19,63.16,265024,22,107,3024,56043,49636,38295,24068,77290,16583,265046
17211,15111,5151,16018,1720,53663,9,34.45,53663,0,84,0,22908,6983,6811,1135,13775,1967,53663
22330,60511,24156,2927,3991,113915,15,56.92,113915,0,58,175,22446,16793,38134,564,33421,2324,113915
8175,58000,20192,19286,1354,107007,30,89.57,106834,173,301,493,64840,9082,12259,4821,12184,3027,107007
10387,56651,9446,6613,310,83128,21,77.92,83124,4,18,1,5018,5437,23559,5671,43424,0,83128
59842,71553,109667,24666,1859,267587,13,47.51,266783,804,156,1463,66428,30308,75214,18621,75031,366,267587
41778,92068,22035,7649,7602,171132,13,49.06,171132,0,51,5,41916,23554,26721,15954,54596,8335,171132
29175,72761,23253,21531,7460,147466,22,73.3,146989,477,140,940,42313,13264,10515,3310,69217,7767,147466
42037,44495,32212,16558,18451,153753,20,65.69,153189,564,156,1174,38373,19878,31255,4130,36142,22645,153753
46972,99808,39555,5882,7188,199405,14,56.81,199399,6,114,20,40673,69324,6642,3535,72622,6475,199405
35868,13102,11072,11423,8493,79958,10,39.59,79667,291,44,1442,28906,10955,23978,398,9800,4435,79958
8472,11064,30,7056,28723,118849,23,80.3,118662,187,62,264,8550,4276,9107,67363,9,29218,118849
10790,22902,10031,4346,4170,48486,13,43.05,48276,210,52,297,20305,11641,13054,1770,876,491,48486
233427,444373,128856,43556,16229,866441,24,77.09,866265,176,467,581,169706,206856,85690,62349,322015,18777,866441
19032,86563,1088,6256,2922,115861,12,47.05,115859,2,178,909,31915,61524,12205,800,7537,793,115861
13317,38148,426,1240,3420,52357,29,98.4,52042,315,26,385,13505,16534,16562,1748,1017,2580,52357
97830,59022,78790,2511,4860,238639,14,55.93,238609,30,39,97,37321,48736,21023,5326,125857,240,238639
392045,2728865,1242121,125521,66872,4555424,26,76.08,4549131,6293,31591,30056,313382,321756,290127,161183,3381049,26280,4555424
102290,1217225,62308,5784,29934,1417541,46,111.8,1415378,2163,527,5575,39918,77390,61053,43289,1188072,1717,1417541
14181,15517,29118,1328,2234,62378,15,58.21,62377,1,71,456,4386,7009,8773,3761,35715,2207,62378
32391,64546,36662,8164,2356,144119,12,44.06,144114,5,461,1099,16888,21235,20898,13012,62946,7580,144119
44133,66667,9184,30592,21052,171628,27,88.05,170701,927,113,1677,61369,31856,33080,13871,14055,15607,171628
40462,79093,10875,6774,5374,142578,13,47.64,142574,4,67,4029,24563,25665,27077,10452,43631,7094,142578
195610,501799,235838,60843,9713,1003803,26,85.76,1003729,74,100,12782,165922,126009,73967,34892,577027,13104,1003803
67159,138986,23091,26098,12592,267926,19,63.7,267904,22,107,5745,50075,49620,42294,21578,81757,16750,267926
16397,15927,5146,16876,2020,54548,9,34.96,54548,0,97,448,24113,6945,6613,716,15028,588,54548
21307,60616,25949,4662,3975,116509,15,58.06,116509,0,58,1761,22141,16321,37923,576,35287,2442,116509
8003,58978,21739,19903,1109,109732,30,91.66,109560,172,301,2223,62812,9869,12044,5250,14400,2833,109732
9103,59228,9546,6395,310,84303,21,78.77,84299,4,18,778,3576,4692,23624,5645,45970,0,84303
49464,74145,123228,26969,1379,275185,14,48.74,274399,786,114,3355,51230,26407,74178,21566,95048,3287,275185
39147,91752,25178,7807,7624,171508,13,49.04,171508,0,51,3873,35655,22261,26855,15854,58610,8349,171508
28443,73200,24193,23098,7450,149679,22,74.17,149208,471,137,1123,39856,15623,11163,2654,71238,7885,149679
38662,45366,38037,16815,18494,157374,21,67.04,156821,553,116,1383,35565,18859,26926,14144,37729,22652,157374
44714,98667,40994,595,719,197515,14,56.11,197510,5,114,1725,35576,68246,6313,2214,76838,6489,197515
34038,14449,11294,20723,7674,88178,11,43.55,87888,290,26,2269,32356,11914,25144,2088,11916,2465,88178
7987,11296,31,71809,28721,119844,23,80.72,119659,185,61,643,8287,3837,9802,68612,13,28589,119844
10537,23420,10766,3974,4050,49102,13,43.34,48898,204,51,6898,12710,11502,12277,2628,2551,485,49102
213486,444609,146552,45261,20571,870479,24,77.3,870364,115,468,12435,143796,208361,84787,58018,344170,18444,870479
18118,87979,1093,6349,2922,116461,12,47.17,116459,2,178,1401,30220,61170,13542,849,8309,792,116461
13031,38700,416,1240,3400,52611,29,98.29,52298,313,24,894,12849,15640,18034,1767,982,2421,52611
92532,62396,86174,3995,4870,245584,14,57.39,245554,30,39,2212,36028,46961,21014,5211,133846,273,245584
350652,2719613,1399043,126847,71028,4667183,26,77.58,4660984,6199,30639,28323,295238,307554,273954,129869,3535757,65849,4667183
145491,1232226,121506,5757,31791,1536771,50,121.31,1534626,2145,517,5980,36036,72434,55372,31571,1229254,105607,1536771
11928,9430,42087,1329,2234,67008,16,62.4,67007,1,71,413,3678,6155,7165,3393,43926,2207,67008
29552,61284,42194,8178,2356,143564,12,43.79,143559,5,461,1047,17603,20109,8391,15974,76271,3708,143564
45377,69242,9574,29784,8828,162805,26,83.19,161901,904,109,1444,45804,31217,34290,14526,15394,20021,162805
38468,75769,18181,7256,5323,144997,13,48.35,144993,4,67,3937,24253,24842,8001,21719,55071,7107,144997
179181,467595,308895,61107,9657,1026435,27,87.48,1026367,68,99,11971,160486,120485,71923,28645,619400,13426,1026435
63794,131029,35839,26098,12592,269352,19,63.9,269330,22,107,5656,48637,48557,18512,32355,98769,16759,269352
15397,25487,9875,1691,2120,67881,11,43.42,67881,0,97,407,23834,19706,6330,591,16326,590,67881
20303,54495,34184,3955,2377,115314,15,57.32,115314,0,58,1829,19458,15790,37786,549,37391,2453,115314
7796,59273,22994,202,1264,111527,31,92.98,111356,171,68,1887,62546,9842,11800,5247,17125,3012,111527
7759,52656,19189,6395,310,86030,21,80.14,86026,4,18,728,3179,3890,23814,5481,48920,0,86030
37663,77504,135504,26964,1927,279562,14,49.39,278785,777,103,2954,44961,22557,64138,19543,121366,3940,279562
37208,89260,33649,11074,7622,178813,14,51.0,178813,0,51,3808,37254,21712,12774,19757,75107,8350,178813
29749,74905,28824,27371,1119,161968,24,80.02,161500,468,134,999,38826,15066,9205,2039,76982,18717,161968
36050,47040,40946,1676,18968,159764,21,67.85,159216,548,111,1227,33364,17938,27168,13714,41972,24270,159764
42665,96178,47076,10068,719,203177,14,57.54,203172,5,114,1530,33732,72661,6012,1156,81478,6494,203177
38570,19734,12328,21859,7916,100407,13,49.46,100126,281,24,2027,30385,11276,24649,3728,16701,11617,100407
6860,29034,248,70614,14985,121741,23,81.76,121559,182,60,306,6840,21217,11052,67438,13,14815,121741
10170,23725,10815,3896,5790,49185,13,43.15,48987,198,52,6841,12348,11369,11885,2454,3592,644,49185
198492,428233,189503,43081,1955,878859,24,77.9,878749,110,468,11757,138534,204381,74133,58114,373888,17584,878859
16561,80338,11605,6618,2922,118044,12,47.7,118042,2,178,1401,29581,59931,14606,883,10672,792,118044
12754,39837,403,1250,6510,53770,30,99.86,53458,312,22,831,12052,14828,19968,1712,1006,3351,53770
85893,15327,148823,3997,4870,254527,15,59.31,254497,30,39,2195,34461,43513,23634,4863,145541,281,254527
339648,2748325,1436433,126846,70416,4721668,26,78.11,4715469,6199,29985,27709,290315,297915,267044,124190,3618689,65821,4721668
140791,1240125,129218,5758,31787,1547679,50,122.28,1545534,2145,517,5742,34371,67829,51946,28692,1253105,105477,1547679
10010,10495,46224,1329,2235,70293,17,65.33,70292,1,71,384,3107,5389,5099,3737,50298,2208,70293
27164,61800,44645,8178,2359,144146,12,43.86,144141,5,461,987,16782,18938,8049,15828,79390,3711,144146
45377,72212,9574,29784,8831,165778,26,84.38,164874,904,109,1444,45707,30940,34682,15309,17563,20024,165778
36508,77140,18619,7256,5323,144846,13,48.21,144842,4,67,3865,23427,23948,7776,21706,56950,7107,144846
163770,465461,338570,6107,9797,1038668,27,88.31,1038600,68,99,11312,153324,111615,70989,27112,650344,13873,1038668
60345,132952,36971,26098,12593,268959,19,63.67,268937,22,107,5549,47210,46855,18263,32021,102195,16759,268959
14470,25880,11041,16935,2120,68538,11,43.76,68537,1,97,307,23538,19545,6194,564,17704,589,68538
19257,52978,40172,4033,2383,118823,15,58.91,118823,0,58,1879,19135,15254,36083,519,45895,0,118823
7796,60078,23551,20216,4451,116092,32,96.59,115921,171,68,1887,61540,9653,11592,5609,22731,3012,116092
6842,53899,19697,6395,310,86864,21,80.66,86860,4,18,689,2842,3375,24219,5331,50390,0,86864
37659,78858,142615,27625,2766,289523,14,51.03,288746,777,103,2953,44232,21977,48201,17243,150043,4771,289523
35513,88902,39046,11074,7622,182157,14,51.82,182157,0,51,3749,36628,20758,12676,19615,80330,8350,182157
29352,75815,29396,27482,1116,163161,24,80.37,162693,468,134,991,38485,14080,9200,6700,78713,14858,163161
35552,48260,41017,1676,18969,160558,21,67.98,160010,548,111,1221,32936,17860,27934,13629,42596,24271,160558
40006,96984,50254,10082,7215,204541,14,57.76,204536,5,114,1490,32923,71199,5662,1001,85661,6491,204541
38570,22723,12328,2186,7918,103399,13,50.8,103118,281,24,2027,30324,11247,22157,6780,19221,11619,103399
6860,29363,248,70614,14985,122070,23,81.74,121888,182,60,307,6563,20813,12061,67438,13,14815,122070
10170,24047,10815,3896,5820,49510,13,43.19,49312,198,52,6841,12342,11313,11378,2333,4604,647,49510
183740,426255,215189,43079,19547,887810,25,78.55,887700,110,468,11132,132709,198588,70897,57455,396352,20209,887810
15385,80937,13170,6618,2922,119032,12,47.98,119030,2,178,1384,28357,58982,16087,910,12342,792,119032
12754,39963,403,1250,6510,53896,30,99.51,53584,312,22,831,12002,14815,20102,1752,1021,3351,53896
77738,18518,162345,3997,5190,263117,15,61.14,263087,30,39,2047,32571,39018,25214,4348,159600,280,263117
